week,product_id,product,category,state,price,quantity,log_price,log_quantity,seasonality
0,Honda (Florida),Honda,Sedan,Florida,222.96,3103,5.407,8.0401,0.0
1,Honda (Florida),Honda,Sedan,Florida,224.56,3087,5.4141,8.035,0.1205
2,Honda (Florida),Honda,Sedan,Florida,232.45,2939,5.4487,7.9858,0.2393
3,Honda (Florida),Honda,Sedan,Florida,227.53,3404,5.4273,8.1327,0.3546
4,Honda (Florida),Honda,Sedan,Florida,229.34,3333,5.4352,8.1116,0.4647
5,Honda (Florida),Honda,Sedan,Florida,236.63,3091,5.4665,8.0362,0.5681
6,Honda (Florida),Honda,Sedan,Florida,233.0,2949,5.451,7.9892,0.6631
7,Honda (Florida),Honda,Sedan,Florida,238.38,3492,5.4739,8.1582,0.7485
8,Honda (Florida),Honda,Sedan,Florida,230.62,3219,5.4408,8.0768,0.823
9,Honda (Florida),Honda,Sedan,Florida,226.47,3291,5.4226,8.0989,0.8855
10,Honda (Florida),Honda,Sedan,Florida,222.19,3275,5.4035,8.0941,0.935
11,Honda (Florida),Honda,Sedan,Florida,209.3,3875,5.3437,8.2623,0.9709
12,Honda (Florida),Honda,Sedan,Florida,214.45,2656,5.3681,7.8846,0.9927
13,Honda (Florida),Honda,Sedan,Florida,209.48,3621,5.3446,8.1945,1.0
14,Honda (Florida),Honda,Sedan,Florida,209.61,2629,5.3453,7.8744,0.9927
15,Honda (Florida),Honda,Sedan,Florida,214.71,3211,5.3693,8.0743,0.9709
16,Honda (Florida),Honda,Sedan,Florida,219.56,3774,5.3916,8.2359,0.935
17,Honda (Florida),Honda,Sedan,Florida,226.99,3256,5.4249,8.0883,0.8855
18,Honda (Florida),Honda,Sedan,Florida,225.87,3014,5.42,8.011,0.823
19,Honda (Florida),Honda,Sedan,Florida,221.14,2801,5.3988,7.9377,0.7485
20,Honda (Florida),Honda,Sedan,Florida,220.26,2953,5.3948,7.9906,0.6631
21,Honda (Florida),Honda,Sedan,Florida,202.44,2951,5.3104,7.9899,0.5681
22,Honda (Florida),Honda,Sedan,Florida,188.31,2774,5.2381,7.928,0.4647
23,Honda (Florida),Honda,Sedan,Florida,176.26,2993,5.172,8.004,0.3546
24,Honda (Florida),Honda,Sedan,Florida,167.69,3221,5.1221,8.0774,0.2393
25,Honda (Florida),Honda,Sedan,Florida,171.07,2865,5.1421,7.9603,0.1205
26,Honda (Florida),Honda,Sedan,Florida,163.5,3023,5.0968,8.014,-0.0
27,Honda (Florida),Honda,Sedan,Florida,160.44,2812,5.0779,7.9417,-0.1205
28,Honda (Florida),Honda,Sedan,Florida,171.2,3293,5.1429,8.0996,-0.2393
29,Honda (Florida),Honda,Sedan,Florida,168.18,3501,5.125,8.1608,-0.3546
30,Honda (Florida),Honda,Sedan,Florida,174.5,3280,5.1619,8.0956,-0.4647
31,Honda (Florida),Honda,Sedan,Florida,166.54,3735,5.1152,8.2255,-0.5681
32,Honda (Florida),Honda,Sedan,Florida,164.84,3287,5.105,8.0977,-0.6631
33,Honda (Florida),Honda,Sedan,Florida,157.19,3522,5.0575,8.1668,-0.7485
34,Honda (Florida),Honda,Sedan,Florida,154.55,3436,5.0405,8.1421,-0.823
35,Honda (Florida),Honda,Sedan,Florida,161.18,3259,5.0825,8.0892,-0.8855
36,Honda (Florida),Honda,Sedan,Florida,147.84,3200,4.9962,8.0709,-0.935
37,Honda (Florida),Honda,Sedan,Florida,151.09,4418,5.0179,8.3934,-0.9709
38,Honda (Florida),Honda,Sedan,Florida,152.9,3122,5.0298,8.0462,-0.9927
39,Honda (Florida),Honda,Sedan,Florida,148.42,3117,5.0001,8.0446,-1.0
40,Honda (Florida),Honda,Sedan,Florida,138.07,3747,4.9278,8.2287,-0.9927
41,Honda (Florida),Honda,Sedan,Florida,138.57,3693,4.9314,8.2142,-0.9709
42,Honda (Florida),Honda,Sedan,Florida,134.95,3150,4.9049,8.0552,-0.935
43,Honda (Florida),Honda,Sedan,Florida,136.53,4125,4.9165,8.3248,-0.8855
44,Honda (Florida),Honda,Sedan,Florida,136.68,3662,4.9176,8.2058,-0.823
45,Honda (Florida),Honda,Sedan,Florida,148.07,2984,4.9977,8.001,-0.7485
46,Honda (Florida),Honda,Sedan,Florida,146.31,3915,4.9857,8.2726,-0.6631
47,Honda (Florida),Honda,Sedan,Florida,139.01,3786,4.9346,8.2391,-0.5681
48,Honda (Florida),Honda,Sedan,Florida,140.26,3045,4.9435,8.0213,-0.4647
49,Honda (Florida),Honda,Sedan,Florida,141.82,4403,4.9545,8.39,-0.3546
50,Honda (Florida),Honda,Sedan,Florida,151.79,3730,5.0225,8.2242,-0.2393
51,Honda (Florida),Honda,Sedan,Florida,158.26,3430,5.0642,8.1403,-0.1205
52,Honda (Florida),Honda,Sedan,Florida,161.11,4102,5.0821,8.3192,0.0
53,Honda (Florida),Honda,Sedan,Florida,173.34,3384,5.1553,8.1268,0.1205
54,Honda (Florida),Honda,Sedan,Florida,163.34,3414,5.0958,8.1356,0.2393
55,Honda (Florida),Honda,Sedan,Florida,158.19,3369,5.0638,8.1224,0.3546
56,Honda (Florida),Honda,Sedan,Florida,151.03,4142,5.0175,8.3289,0.4647
57,Honda (Florida),Honda,Sedan,Florida,148.12,4050,4.998,8.3065,0.5681
58,Honda (Florida),Honda,Sedan,Florida,138.27,4060,4.9292,8.3089,0.6631
59,Honda (Florida),Honda,Sedan,Florida,142.73,3707,4.9609,8.218,0.7485
60,Honda (Florida),Honda,Sedan,Florida,141.15,4382,4.9498,8.3853,0.823
61,Honda (Florida),Honda,Sedan,Florida,131.14,4574,4.8763,8.4281,0.8855
62,Honda (Florida),Honda,Sedan,Florida,124.65,3883,4.8255,8.2644,0.935
63,Honda (Florida),Honda,Sedan,Florida,126.62,3728,4.8412,8.2236,0.9709
64,Honda (Florida),Honda,Sedan,Florida,132.04,4660,4.8831,8.4468,0.9927
65,Honda (Florida),Honda,Sedan,Florida,145.9,2915,4.9829,7.9776,1.0
66,Honda (Florida),Honda,Sedan,Florida,168.78,3879,5.1286,8.2633,0.9927
67,Honda (Florida),Honda,Sedan,Florida,172.32,3549,5.1493,8.1744,0.9709
68,Honda (Florida),Honda,Sedan,Florida,164.0,4558,5.0999,8.4246,0.935
69,Honda (Florida),Honda,Sedan,Florida,147.42,3777,4.9933,8.2367,0.8855
70,Honda (Florida),Honda,Sedan,Florida,149.4,4278,5.0066,8.3612,0.823
71,Honda (Florida),Honda,Sedan,Florida,143.45,3921,4.966,8.2741,0.7485
72,Honda (Florida),Honda,Sedan,Florida,140.5,4220,4.9452,8.3476,0.6631
73,Honda (Florida),Honda,Sedan,Florida,136.27,4548,4.9146,8.4224,0.5681
74,Honda (Florida),Honda,Sedan,Florida,135.31,3865,4.9076,8.2597,0.4647
75,Honda (Florida),Honda,Sedan,Florida,142.72,4403,4.9609,8.39,0.3546
76,Honda (Florida),Honda,Sedan,Florida,143.84,3399,4.9687,8.1312,0.2393
77,Honda (Florida),Honda,Sedan,Florida,142.71,3807,4.9608,8.2446,0.1205
78,Honda (Florida),Honda,Sedan,Florida,135.51,4142,4.909,8.3289,0.0
79,Honda (Florida),Honda,Sedan,Florida,124.62,4173,4.8253,8.3364,-0.1205
80,Honda (Florida),Honda,Sedan,Florida,121.63,4657,4.801,8.4461,-0.2393
81,Honda (Florida),Honda,Sedan,Florida,121.3,3325,4.7983,8.1092,-0.3546
82,Honda (Florida),Honda,Sedan,Florida,132.51,2932,4.8867,7.9834,-0.4647
83,Honda (Florida),Honda,Sedan,Florida,133.38,3043,4.8932,8.0206,-0.5681
84,Honda (Florida),Honda,Sedan,Florida,140.1,3608,4.9423,8.1909,-0.6631
85,Honda (Florida),Honda,Sedan,Florida,136.64,3527,4.9174,8.1682,-0.7485
86,Honda (Florida),Honda,Sedan,Florida,128.78,3482,4.8581,8.1554,-0.823
87,Honda (Florida),Honda,Sedan,Florida,122.71,2919,4.8099,7.979,-0.8855
88,Honda (Florida),Honda,Sedan,Florida,118.34,3705,4.7736,8.2174,-0.935
89,Honda (Florida),Honda,Sedan,Florida,131.63,2803,4.88,7.9384,-0.9709
90,Honda (Florida),Honda,Sedan,Florida,126.34,3772,4.839,8.2354,-0.9927
91,Honda (Florida),Honda,Sedan,Florida,131.75,4638,4.8809,8.442,-1.0
92,Honda (Florida),Honda,Sedan,Florida,125.93,3778,4.8357,8.237,-0.9927
93,Honda (Florida),Honda,Sedan,Florida,131.93,3727,4.8823,8.2234,-0.9709
94,Honda (Florida),Honda,Sedan,Florida,134.5,3111,4.9016,8.0427,-0.935
95,Honda (Florida),Honda,Sedan,Florida,133.45,2772,4.8937,7.9273,-0.8855
96,Honda (Florida),Honda,Sedan,Florida,133.18,3299,4.8917,8.1014,-0.823
97,Honda (Florida),Honda,Sedan,Florida,128.89,3130,4.8589,8.0488,-0.7485
98,Honda (Florida),Honda,Sedan,Florida,131.8,3092,4.8812,8.0366,-0.6631
99,Honda (Florida),Honda,Sedan,Florida,128.83,4644,4.8585,8.4433,-0.5681
100,Honda (Florida),Honda,Sedan,Florida,121.17,3871,4.7972,8.2613,-0.4647
101,Honda (Florida),Honda,Sedan,Florida,113.67,3898,4.7333,8.2682,-0.3546
102,Honda (Florida),Honda,Sedan,Florida,114.66,3563,4.742,8.1784,-0.2393
103,Honda (Florida),Honda,Sedan,Florida,124.08,3563,4.8209,8.1784,-0.1205
0,Honda (NewYork),Honda,Sedan,NewYork,464.47,4031,6.1409,8.3018,0.0
1,Honda (NewYork),Honda,Sedan,NewYork,471.16,3418,6.1552,8.1368,0.1205
2,Honda (NewYork),Honda,Sedan,NewYork,502.95,3494,6.2205,8.1588,0.2393
3,Honda (NewYork),Honda,Sedan,NewYork,508.5,3209,6.2315,8.0737,0.3546
4,Honda (NewYork),Honda,Sedan,NewYork,498.16,3290,6.2109,8.0986,0.4647
5,Honda (NewYork),Honda,Sedan,NewYork,526.49,2846,6.2662,7.9537,0.5681
6,Honda (NewYork),Honda,Sedan,NewYork,537.9,2666,6.2877,7.8883,0.6631
7,Honda (NewYork),Honda,Sedan,NewYork,580.83,3225,6.3645,8.0787,0.7485
8,Honda (NewYork),Honda,Sedan,NewYork,586.18,3463,6.3736,8.1499,0.823
9,Honda (NewYork),Honda,Sedan,NewYork,551.37,3109,6.3124,8.0421,0.8855
10,Honda (NewYork),Honda,Sedan,NewYork,514.91,3692,6.244,8.2139,0.935
11,Honda (NewYork),Honda,Sedan,NewYork,559.22,3585,6.3265,8.1845,0.9709
12,Honda (NewYork),Honda,Sedan,NewYork,609.55,2580,6.4127,7.8555,0.9927
13,Honda (NewYork),Honda,Sedan,NewYork,604.1,3035,6.4037,8.018,1.0
14,Honda (NewYork),Honda,Sedan,NewYork,592.64,3546,6.3846,8.1736,0.9927
15,Honda (NewYork),Honda,Sedan,NewYork,637.57,3398,6.4577,8.1309,0.9709
16,Honda (NewYork),Honda,Sedan,NewYork,603.23,2875,6.4023,7.9638,0.935
17,Honda (NewYork),Honda,Sedan,NewYork,576.84,3326,6.3576,8.1095,0.8855
18,Honda (NewYork),Honda,Sedan,NewYork,595.7,3634,6.3897,8.1981,0.823
19,Honda (NewYork),Honda,Sedan,NewYork,584.06,3590,6.37,8.1859,0.7485
20,Honda (NewYork),Honda,Sedan,NewYork,583.91,3054,6.3697,8.0242,0.6631
21,Honda (NewYork),Honda,Sedan,NewYork,579.16,2905,6.3616,7.9742,0.5681
22,Honda (NewYork),Honda,Sedan,NewYork,589.02,2691,6.3785,7.8977,0.4647
23,Honda (NewYork),Honda,Sedan,NewYork,631.96,2801,6.4488,7.9377,0.3546
24,Honda (NewYork),Honda,Sedan,NewYork,634.83,2641,6.4534,7.8789,0.2393
25,Honda (NewYork),Honda,Sedan,NewYork,655.6,2690,6.4856,7.8973,0.1205
26,Honda (NewYork),Honda,Sedan,NewYork,591.73,2637,6.383,7.8774,-0.0
27,Honda (NewYork),Honda,Sedan,NewYork,590.29,2798,6.3806,7.9367,-0.1205
28,Honda (NewYork),Honda,Sedan,NewYork,565.92,2604,6.3384,7.8648,-0.2393
29,Honda (NewYork),Honda,Sedan,NewYork,532.46,3008,6.2775,8.009,-0.3546
30,Honda (NewYork),Honda,Sedan,NewYork,509.59,2999,6.2336,8.006,-0.4647
31,Honda (NewYork),Honda,Sedan,NewYork,501.14,2385,6.2169,7.777,-0.5681
32,Honda (NewYork),Honda,Sedan,NewYork,524.63,2098,6.2627,7.6487,-0.6631
33,Honda (NewYork),Honda,Sedan,NewYork,490.96,3312,6.1964,8.1053,-0.7485
34,Honda (NewYork),Honda,Sedan,NewYork,491.72,2757,6.1979,7.9219,-0.823
35,Honda (NewYork),Honda,Sedan,NewYork,479.96,2056,6.1737,7.6285,-0.8855
36,Honda (NewYork),Honda,Sedan,NewYork,472.16,2274,6.1573,7.7293,-0.935
37,Honda (NewYork),Honda,Sedan,NewYork,496.43,2604,6.2074,7.8648,-0.9709
38,Honda (NewYork),Honda,Sedan,NewYork,509.97,2278,6.2344,7.7311,-0.9927
39,Honda (NewYork),Honda,Sedan,NewYork,545.24,2155,6.3012,7.6755,-1.0
40,Honda (NewYork),Honda,Sedan,NewYork,541.04,2692,6.2935,7.898,-0.9927
41,Honda (NewYork),Honda,Sedan,NewYork,522.54,2083,6.2587,7.6416,-0.9709
42,Honda (NewYork),Honda,Sedan,NewYork,516.72,2076,6.2475,7.6382,-0.935
43,Honda (NewYork),Honda,Sedan,NewYork,523.03,2395,6.2596,7.7811,-0.8855
44,Honda (NewYork),Honda,Sedan,NewYork,527.67,2547,6.2685,7.8427,-0.823
45,Honda (NewYork),Honda,Sedan,NewYork,499.82,2611,6.2142,7.8675,-0.7485
46,Honda (NewYork),Honda,Sedan,NewYork,502.08,2799,6.2188,7.937,-0.6631
47,Honda (NewYork),Honda,Sedan,NewYork,507.85,2558,6.2302,7.847,-0.5681
48,Honda (NewYork),Honda,Sedan,NewYork,575.97,2524,6.3561,7.8336,-0.4647
49,Honda (NewYork),Honda,Sedan,NewYork,632.64,2126,6.4499,7.662,-0.3546
50,Honda (NewYork),Honda,Sedan,NewYork,606.21,2281,6.4072,7.7324,-0.2393
51,Honda (NewYork),Honda,Sedan,NewYork,597.56,2352,6.3929,7.763,-0.1205
52,Honda (NewYork),Honda,Sedan,NewYork,555.4,2599,6.3197,7.8629,0.0
53,Honda (NewYork),Honda,Sedan,NewYork,539.24,2880,6.2902,7.9655,0.1205
54,Honda (NewYork),Honda,Sedan,NewYork,547.81,2938,6.3059,7.9855,0.2393
55,Honda (NewYork),Honda,Sedan,NewYork,581.86,2729,6.3662,7.9117,0.3546
56,Honda (NewYork),Honda,Sedan,NewYork,561.03,2565,6.3298,7.8497,0.4647
57,Honda (NewYork),Honda,Sedan,NewYork,542.98,2890,6.2971,7.969,0.5681
58,Honda (NewYork),Honda,Sedan,NewYork,487.7,3072,6.1897,8.0301,0.6631
59,Honda (NewYork),Honda,Sedan,NewYork,483.75,3202,6.1816,8.0715,0.7485
60,Honda (NewYork),Honda,Sedan,NewYork,458.72,4415,6.1284,8.3928,0.823
61,Honda (NewYork),Honda,Sedan,NewYork,446.74,3258,6.102,8.0889,0.8855
62,Honda (NewYork),Honda,Sedan,NewYork,427.58,3641,6.0581,8.2,0.935
63,Honda (NewYork),Honda,Sedan,NewYork,425.57,3987,6.0534,8.2908,0.9709
64,Honda (NewYork),Honda,Sedan,NewYork,389.76,3789,5.9655,8.2399,0.9927
65,Honda (NewYork),Honda,Sedan,NewYork,362.19,5307,5.8922,8.5768,1.0
66,Honda (NewYork),Honda,Sedan,NewYork,402.88,3617,5.9986,8.1934,0.9927
67,Honda (NewYork),Honda,Sedan,NewYork,377.77,3944,5.9343,8.28,0.9709
68,Honda (NewYork),Honda,Sedan,NewYork,357.61,3489,5.8794,8.1574,0.935
69,Honda (NewYork),Honda,Sedan,NewYork,392.01,3463,5.9713,8.1499,0.8855
70,Honda (NewYork),Honda,Sedan,NewYork,453.29,3403,6.1165,8.1324,0.823
71,Honda (NewYork),Honda,Sedan,NewYork,427.5,3557,6.058,8.1767,0.7485
72,Honda (NewYork),Honda,Sedan,NewYork,419.7,3394,6.0395,8.1298,0.6631
73,Honda (NewYork),Honda,Sedan,NewYork,426.93,3679,6.0566,8.2104,0.5681
74,Honda (NewYork),Honda,Sedan,NewYork,465.47,2829,6.1431,7.9477,0.4647
75,Honda (NewYork),Honda,Sedan,NewYork,443.06,2618,6.0937,7.8702,0.3546
76,Honda (NewYork),Honda,Sedan,NewYork,437.66,3715,6.0814,8.2201,0.2393
77,Honda (NewYork),Honda,Sedan,NewYork,455.01,2706,6.1203,7.9032,0.1205
78,Honda (NewYork),Honda,Sedan,NewYork,465.01,2389,6.1421,7.7786,0.0
79,Honda (NewYork),Honda,Sedan,NewYork,456.34,2473,6.1232,7.8132,-0.1205
80,Honda (NewYork),Honda,Sedan,NewYork,453.3,2428,6.1166,7.7948,-0.2393
81,Honda (NewYork),Honda,Sedan,NewYork,423.18,3041,6.0478,8.0199,-0.3546
82,Honda (NewYork),Honda,Sedan,NewYork,418.18,2628,6.0359,7.874,-0.4647
83,Honda (NewYork),Honda,Sedan,NewYork,412.64,2777,6.0226,7.9291,-0.5681
84,Honda (NewYork),Honda,Sedan,NewYork,417.46,2708,6.0342,7.904,-0.6631
85,Honda (NewYork),Honda,Sedan,NewYork,406.03,2965,6.0064,7.9946,-0.7485
86,Honda (NewYork),Honda,Sedan,NewYork,415.72,2402,6.03,7.7841,-0.823
87,Honda (NewYork),Honda,Sedan,NewYork,437.31,2223,6.0806,7.7066,-0.8855
88,Honda (NewYork),Honda,Sedan,NewYork,440.72,2652,6.0884,7.8831,-0.935
89,Honda (NewYork),Honda,Sedan,NewYork,448.54,2757,6.106,7.9219,-0.9709
90,Honda (NewYork),Honda,Sedan,NewYork,449.73,2635,6.1087,7.8766,-0.9927
91,Honda (NewYork),Honda,Sedan,NewYork,449.73,2378,6.1087,7.774,-1.0
92,Honda (NewYork),Honda,Sedan,NewYork,433.8,2928,6.0726,7.9821,-0.9927
93,Honda (NewYork),Honda,Sedan,NewYork,440.72,2504,6.0884,7.8256,-0.9709
94,Honda (NewYork),Honda,Sedan,NewYork,438.58,2642,6.0835,7.8793,-0.935
95,Honda (NewYork),Honda,Sedan,NewYork,486.97,2321,6.1882,7.7498,-0.8855
96,Honda (NewYork),Honda,Sedan,NewYork,526.82,2897,6.2669,7.9714,-0.823
97,Honda (NewYork),Honda,Sedan,NewYork,537.09,2631,6.2862,7.8751,-0.7485
98,Honda (NewYork),Honda,Sedan,NewYork,516.98,2565,6.248,7.8497,-0.6631
99,Honda (NewYork),Honda,Sedan,NewYork,489.01,2864,6.1924,7.96,-0.5681
100,Honda (NewYork),Honda,Sedan,NewYork,519.02,3298,6.2519,8.1011,-0.4647
101,Honda (NewYork),Honda,Sedan,NewYork,525.88,1950,6.2651,7.5756,-0.3546
102,Honda (NewYork),Honda,Sedan,NewYork,538.66,2287,6.2891,7.735,-0.2393
103,Honda (NewYork),Honda,Sedan,NewYork,493.67,2477,6.2019,7.8148,-0.1205
0,Hyundai (Florida),Hyundai,Sedan,Florida,463.48,2655,6.1388,7.8842,0.0
1,Hyundai (Florida),Hyundai,Sedan,Florida,438.45,2719,6.0833,7.908,0.1205
2,Hyundai (Florida),Hyundai,Sedan,Florida,428.24,3177,6.0597,8.0637,0.2393
3,Hyundai (Florida),Hyundai,Sedan,Florida,433.92,2756,6.0729,7.9215,0.3546
4,Hyundai (Florida),Hyundai,Sedan,Florida,435.06,3360,6.0755,8.1197,0.4647
5,Hyundai (Florida),Hyundai,Sedan,Florida,428.75,3249,6.0609,8.0861,0.5681
6,Hyundai (Florida),Hyundai,Sedan,Florida,426.54,3369,6.0557,8.1224,0.6631
7,Hyundai (Florida),Hyundai,Sedan,Florida,421.2,3567,6.0431,8.1795,0.7485
8,Hyundai (Florida),Hyundai,Sedan,Florida,424.42,3646,6.0507,8.2014,0.823
9,Hyundai (Florida),Hyundai,Sedan,Florida,456.83,3061,6.1243,8.0265,0.8855
10,Hyundai (Florida),Hyundai,Sedan,Florida,401.81,4368,5.996,8.3821,0.935
11,Hyundai (Florida),Hyundai,Sedan,Florida,397.08,3272,5.9841,8.0932,0.9709
12,Hyundai (Florida),Hyundai,Sedan,Florida,400.6,2536,5.993,7.8383,0.9927
13,Hyundai (Florida),Hyundai,Sedan,Florida,406.57,2887,6.0078,7.968,1.0
14,Hyundai (Florida),Hyundai,Sedan,Florida,399.08,2693,5.9892,7.8984,0.9927
15,Hyundai (Florida),Hyundai,Sedan,Florida,365.52,3504,5.9013,8.1617,0.9709
16,Hyundai (Florida),Hyundai,Sedan,Florida,371.56,3448,5.9177,8.1455,0.935
17,Hyundai (Florida),Hyundai,Sedan,Florida,405.08,3055,6.0041,8.0245,0.8855
18,Hyundai (Florida),Hyundai,Sedan,Florida,375.18,4252,5.9274,8.3551,0.823
19,Hyundai (Florida),Hyundai,Sedan,Florida,391.74,3411,5.9706,8.1348,0.7485
20,Hyundai (Florida),Hyundai,Sedan,Florida,385.35,3466,5.9542,8.1508,0.6631
21,Hyundai (Florida),Hyundai,Sedan,Florida,384.17,2760,5.9511,7.923,0.5681
22,Hyundai (Florida),Hyundai,Sedan,Florida,364.47,2733,5.8985,7.9132,0.4647
23,Hyundai (Florida),Hyundai,Sedan,Florida,358.43,3040,5.8817,8.0196,0.3546
24,Hyundai (Florida),Hyundai,Sedan,Florida,382.5,2825,5.9467,7.9463,0.2393
25,Hyundai (Florida),Hyundai,Sedan,Florida,393.81,2185,5.9759,7.6894,0.1205
26,Hyundai (Florida),Hyundai,Sedan,Florida,429.44,2514,6.0625,7.8296,-0.0
27,Hyundai (Florida),Hyundai,Sedan,Florida,455.48,2374,6.1214,7.7723,-0.1205
28,Hyundai (Florida),Hyundai,Sedan,Florida,465.59,2254,6.1433,7.7205,-0.2393
29,Hyundai (Florida),Hyundai,Sedan,Florida,508.01,1984,6.2305,7.5929,-0.3546
30,Hyundai (Florida),Hyundai,Sedan,Florida,519.28,2008,6.2525,7.6049,-0.4647
31,Hyundai (Florida),Hyundai,Sedan,Florida,541.23,2028,6.2939,7.6148,-0.5681
32,Hyundai (Florida),Hyundai,Sedan,Florida,533.27,2060,6.279,7.6305,-0.6631
33,Hyundai (Florida),Hyundai,Sedan,Florida,535.04,2178,6.2823,7.6862,-0.7485
34,Hyundai (Florida),Hyundai,Sedan,Florida,516.71,2323,6.2475,7.7506,-0.823
35,Hyundai (Florida),Hyundai,Sedan,Florida,542.92,1928,6.297,7.5642,-0.8855
36,Hyundai (Florida),Hyundai,Sedan,Florida,511.86,1943,6.238,7.572,-0.935
37,Hyundai (Florida),Hyundai,Sedan,Florida,532.27,2101,6.2772,7.6502,-0.9709
38,Hyundai (Florida),Hyundai,Sedan,Florida,527.22,2124,6.2676,7.6611,-0.9927
39,Hyundai (Florida),Hyundai,Sedan,Florida,559.02,1769,6.3262,7.4782,-1.0
40,Hyundai (Florida),Hyundai,Sedan,Florida,580.41,1966,6.3637,7.5838,-0.9927
41,Hyundai (Florida),Hyundai,Sedan,Florida,635.72,1852,6.4548,7.524,-0.9709
42,Hyundai (Florida),Hyundai,Sedan,Florida,659.38,1891,6.4913,7.5449,-0.935
43,Hyundai (Florida),Hyundai,Sedan,Florida,609.54,2114,6.4127,7.6563,-0.8855
44,Hyundai (Florida),Hyundai,Sedan,Florida,607.5,1590,6.4094,7.3715,-0.823
45,Hyundai (Florida),Hyundai,Sedan,Florida,572.92,1830,6.3508,7.5121,-0.7485
46,Hyundai (Florida),Hyundai,Sedan,Florida,558.27,1850,6.3248,7.5229,-0.6631
47,Hyundai (Florida),Hyundai,Sedan,Florida,602.09,1679,6.4004,7.426,-0.5681
48,Hyundai (Florida),Hyundai,Sedan,Florida,621.59,1545,6.4323,7.3428,-0.4647
49,Hyundai (Florida),Hyundai,Sedan,Florida,600.24,1466,6.3973,7.2903,-0.3546
50,Hyundai (Florida),Hyundai,Sedan,Florida,570.58,1903,6.3466,7.5512,-0.2393
51,Hyundai (Florida),Hyundai,Sedan,Florida,571.51,1764,6.3483,7.4753,-0.1205
52,Hyundai (Florida),Hyundai,Sedan,Florida,537.78,2077,6.2875,7.6387,0.0
53,Hyundai (Florida),Hyundai,Sedan,Florida,520.04,2005,6.2539,7.6034,0.1205
54,Hyundai (Florida),Hyundai,Sedan,Florida,528.21,1872,6.2695,7.5348,0.2393
55,Hyundai (Florida),Hyundai,Sedan,Florida,559.62,2155,6.3273,7.6755,0.3546
56,Hyundai (Florida),Hyundai,Sedan,Florida,576.92,2117,6.3577,7.6578,0.4647
57,Hyundai (Florida),Hyundai,Sedan,Florida,514.47,2437,6.2431,7.7985,0.5681
58,Hyundai (Florida),Hyundai,Sedan,Florida,522.36,2924,6.2584,7.9807,0.6631
59,Hyundai (Florida),Hyundai,Sedan,Florida,524.24,2390,6.262,7.779,0.7485
60,Hyundai (Florida),Hyundai,Sedan,Florida,535.21,2526,6.2827,7.8344,0.823
61,Hyundai (Florida),Hyundai,Sedan,Florida,580.25,1950,6.3635,7.5756,0.8855
62,Hyundai (Florida),Hyundai,Sedan,Florida,523.38,1999,6.2603,7.6004,0.935
63,Hyundai (Florida),Hyundai,Sedan,Florida,508.13,2868,6.2307,7.9614,0.9709
64,Hyundai (Florida),Hyundai,Sedan,Florida,523.37,2083,6.2603,7.6416,0.9927
65,Hyundai (Florida),Hyundai,Sedan,Florida,483.58,2193,6.1812,7.693,1.0
66,Hyundai (Florida),Hyundai,Sedan,Florida,520.61,2446,6.255,7.8022,0.9927
67,Hyundai (Florida),Hyundai,Sedan,Florida,530.29,2409,6.2734,7.787,0.9709
68,Hyundai (Florida),Hyundai,Sedan,Florida,553.22,2090,6.3158,7.6449,0.935
69,Hyundai (Florida),Hyundai,Sedan,Florida,537.65,2186,6.2872,7.6898,0.8855
70,Hyundai (Florida),Hyundai,Sedan,Florida,559.98,2513,6.3279,7.8292,0.823
71,Hyundai (Florida),Hyundai,Sedan,Florida,590.71,1883,6.3813,7.5406,0.7485
72,Hyundai (Florida),Hyundai,Sedan,Florida,597.63,1730,6.393,7.4559,0.6631
73,Hyundai (Florida),Hyundai,Sedan,Florida,604.67,2209,6.4047,7.7003,0.5681
74,Hyundai (Florida),Hyundai,Sedan,Florida,612.9,2013,6.4182,7.6074,0.4647
75,Hyundai (Florida),Hyundai,Sedan,Florida,587.01,1835,6.375,7.5148,0.3546
76,Hyundai (Florida),Hyundai,Sedan,Florida,582.69,1624,6.3677,7.3926,0.2393
77,Hyundai (Florida),Hyundai,Sedan,Florida,578.27,1722,6.36,7.4512,0.1205
78,Hyundai (Florida),Hyundai,Sedan,Florida,589.46,1779,6.3792,7.4838,0.0
79,Hyundai (Florida),Hyundai,Sedan,Florida,619.67,1908,6.4292,7.5538,-0.1205
80,Hyundai (Florida),Hyundai,Sedan,Florida,587.73,1452,6.3763,7.2807,-0.2393
81,Hyundai (Florida),Hyundai,Sedan,Florida,584.07,1611,6.37,7.3846,-0.3546
82,Hyundai (Florida),Hyundai,Sedan,Florida,628.97,1664,6.4441,7.417,-0.4647
83,Hyundai (Florida),Hyundai,Sedan,Florida,606.02,1194,6.4069,7.0851,-0.5681
84,Hyundai (Florida),Hyundai,Sedan,Florida,581.61,1897,6.3658,7.548,-0.6631
85,Hyundai (Florida),Hyundai,Sedan,Florida,587.52,1407,6.3759,7.2492,-0.7485
86,Hyundai (Florida),Hyundai,Sedan,Florida,612.86,1599,6.4181,7.3771,-0.823
87,Hyundai (Florida),Hyundai,Sedan,Florida,613.21,1475,6.4187,7.2964,-0.8855
88,Hyundai (Florida),Hyundai,Sedan,Florida,655.34,1499,6.4852,7.3126,-0.935
89,Hyundai (Florida),Hyundai,Sedan,Florida,684.02,1406,6.528,7.2485,-0.9709
90,Hyundai (Florida),Hyundai,Sedan,Florida,713.43,927,6.5701,6.832,-0.9927
91,Hyundai (Florida),Hyundai,Sedan,Florida,733.47,1133,6.5978,7.0326,-1.0
92,Hyundai (Florida),Hyundai,Sedan,Florida,824.0,1199,6.7142,7.0892,-0.9927
93,Hyundai (Florida),Hyundai,Sedan,Florida,815.59,1159,6.7039,7.0553,-0.9709
94,Hyundai (Florida),Hyundai,Sedan,Florida,737.85,1336,6.6037,7.1974,-0.935
95,Hyundai (Florida),Hyundai,Sedan,Florida,799.47,1329,6.6839,7.1922,-0.8855
96,Hyundai (Florida),Hyundai,Sedan,Florida,781.38,1370,6.6611,7.2226,-0.823
97,Hyundai (Florida),Hyundai,Sedan,Florida,785.61,1209,6.6665,7.0975,-0.7485
98,Hyundai (Florida),Hyundai,Sedan,Florida,838.77,978,6.7319,6.8855,-0.6631
99,Hyundai (Florida),Hyundai,Sedan,Florida,774.19,1265,6.6518,7.1428,-0.5681
100,Hyundai (Florida),Hyundai,Sedan,Florida,727.23,1409,6.5892,7.2506,-0.4647
101,Hyundai (Florida),Hyundai,Sedan,Florida,671.27,1202,6.5092,7.0917,-0.3546
102,Hyundai (Florida),Hyundai,Sedan,Florida,645.14,1536,6.4695,7.3369,-0.2393
103,Hyundai (Florida),Hyundai,Sedan,Florida,659.48,1625,6.4915,7.3933,-0.1205
0,Hyundai (NewYork),Hyundai,Sedan,NewYork,482.15,3035,6.1782,8.018,0.0
1,Hyundai (NewYork),Hyundai,Sedan,NewYork,449.26,2139,6.1076,7.6681,0.1205
2,Hyundai (NewYork),Hyundai,Sedan,NewYork,400.26,2978,5.9921,7.999,0.2393
3,Hyundai (NewYork),Hyundai,Sedan,NewYork,401.35,4394,5.9948,8.388,0.3546
4,Hyundai (NewYork),Hyundai,Sedan,NewYork,391.99,3436,5.9712,8.1421,0.4647
5,Hyundai (NewYork),Hyundai,Sedan,NewYork,401.1,2919,5.9942,7.979,0.5681
6,Hyundai (NewYork),Hyundai,Sedan,NewYork,415.42,4252,6.0293,8.3551,0.6631
7,Hyundai (NewYork),Hyundai,Sedan,NewYork,418.31,3838,6.0362,8.2527,0.7485
8,Hyundai (NewYork),Hyundai,Sedan,NewYork,434.51,4399,6.0742,8.3891,0.823
9,Hyundai (NewYork),Hyundai,Sedan,NewYork,439.52,3943,6.0857,8.2797,0.8855
10,Hyundai (NewYork),Hyundai,Sedan,NewYork,451.32,3791,6.1122,8.2404,0.935
11,Hyundai (NewYork),Hyundai,Sedan,NewYork,435.7,3993,6.077,8.2923,0.9709
12,Hyundai (NewYork),Hyundai,Sedan,NewYork,431.8,4237,6.068,8.3516,0.9927
13,Hyundai (NewYork),Hyundai,Sedan,NewYork,436.07,5104,6.0778,8.5378,1.0
14,Hyundai (NewYork),Hyundai,Sedan,NewYork,454.34,4122,6.1188,8.3241,0.9927
15,Hyundai (NewYork),Hyundai,Sedan,NewYork,445.48,3161,6.0991,8.0586,0.9709
16,Hyundai (NewYork),Hyundai,Sedan,NewYork,457.24,3821,6.1252,8.2483,0.935
17,Hyundai (NewYork),Hyundai,Sedan,NewYork,451.2,4001,6.1119,8.2943,0.8855
18,Hyundai (NewYork),Hyundai,Sedan,NewYork,448.56,4102,6.106,8.3192,0.823
19,Hyundai (NewYork),Hyundai,Sedan,NewYork,467.55,3248,6.1475,8.0858,0.7485
20,Hyundai (NewYork),Hyundai,Sedan,NewYork,423.21,4071,6.0479,8.3116,0.6631
21,Hyundai (NewYork),Hyundai,Sedan,NewYork,396.64,4146,5.983,8.3299,0.5681
22,Hyundai (NewYork),Hyundai,Sedan,NewYork,368.31,5183,5.9089,8.5531,0.4647
23,Hyundai (NewYork),Hyundai,Sedan,NewYork,327.75,3754,5.7922,8.2306,0.3546
24,Hyundai (NewYork),Hyundai,Sedan,NewYork,316.82,3900,5.7583,8.2687,0.2393
25,Hyundai (NewYork),Hyundai,Sedan,NewYork,328.92,3839,5.7958,8.253,0.1205
26,Hyundai (NewYork),Hyundai,Sedan,NewYork,324.26,3623,5.7816,8.1951,-0.0
27,Hyundai (NewYork),Hyundai,Sedan,NewYork,327.49,3337,5.7915,8.1128,-0.1205
28,Hyundai (NewYork),Hyundai,Sedan,NewYork,345.82,2482,5.8459,7.8168,-0.2393
29,Hyundai (NewYork),Hyundai,Sedan,NewYork,369.55,3113,5.9123,8.0433,-0.3546
30,Hyundai (NewYork),Hyundai,Sedan,NewYork,368.28,3269,5.9088,8.0922,-0.4647
31,Hyundai (NewYork),Hyundai,Sedan,NewYork,394.07,2657,5.9765,7.885,-0.5681
32,Hyundai (NewYork),Hyundai,Sedan,NewYork,395.89,3654,5.9811,8.2036,-0.6631
33,Hyundai (NewYork),Hyundai,Sedan,NewYork,379.65,3004,5.9393,8.0077,-0.7485
34,Hyundai (NewYork),Hyundai,Sedan,NewYork,368.53,3500,5.9095,8.1605,-0.823
35,Hyundai (NewYork),Hyundai,Sedan,NewYork,342.24,3067,5.8355,8.0285,-0.8855
36,Hyundai (NewYork),Hyundai,Sedan,NewYork,327.37,3308,5.7911,8.1041,-0.935
37,Hyundai (NewYork),Hyundai,Sedan,NewYork,321.57,3150,5.7732,8.0552,-0.9709
38,Hyundai (NewYork),Hyundai,Sedan,NewYork,334.75,3515,5.8134,8.1648,-0.9927
39,Hyundai (NewYork),Hyundai,Sedan,NewYork,364.82,2859,5.8994,7.9582,-1.0
40,Hyundai (NewYork),Hyundai,Sedan,NewYork,340.46,3167,5.8303,8.0605,-0.9927
41,Hyundai (NewYork),Hyundai,Sedan,NewYork,347.22,3085,5.8499,8.0343,-0.9709
42,Hyundai (NewYork),Hyundai,Sedan,NewYork,329.61,2868,5.7979,7.9614,-0.935
43,Hyundai (NewYork),Hyundai,Sedan,NewYork,337.53,3148,5.8217,8.0545,-0.8855
44,Hyundai (NewYork),Hyundai,Sedan,NewYork,335.33,4133,5.8151,8.3268,-0.823
45,Hyundai (NewYork),Hyundai,Sedan,NewYork,305.99,3216,5.7236,8.0759,-0.7485
46,Hyundai (NewYork),Hyundai,Sedan,NewYork,320.53,3428,5.77,8.1397,-0.6631
47,Hyundai (NewYork),Hyundai,Sedan,NewYork,310.98,3920,5.7397,8.2738,-0.5681
48,Hyundai (NewYork),Hyundai,Sedan,NewYork,302.79,4205,5.713,8.344,-0.4647
49,Hyundai (NewYork),Hyundai,Sedan,NewYork,287.02,3856,5.6595,8.2574,-0.3546
50,Hyundai (NewYork),Hyundai,Sedan,NewYork,277.78,2966,5.6268,7.995,-0.2393
51,Hyundai (NewYork),Hyundai,Sedan,NewYork,283.79,4174,5.6482,8.3366,-0.1205
52,Hyundai (NewYork),Hyundai,Sedan,NewYork,281.11,3103,5.6388,8.0401,0.0
53,Hyundai (NewYork),Hyundai,Sedan,NewYork,285.77,4809,5.6552,8.4782,0.1205
54,Hyundai (NewYork),Hyundai,Sedan,NewYork,290.99,4291,5.6733,8.3643,0.2393
55,Hyundai (NewYork),Hyundai,Sedan,NewYork,310.85,4643,5.7393,8.4431,0.3546
56,Hyundai (NewYork),Hyundai,Sedan,NewYork,305.57,3788,5.7222,8.2396,0.4647
57,Hyundai (NewYork),Hyundai,Sedan,NewYork,283.82,3696,5.6483,8.215,0.5681
58,Hyundai (NewYork),Hyundai,Sedan,NewYork,299.38,4290,5.7017,8.364,0.6631
59,Hyundai (NewYork),Hyundai,Sedan,NewYork,294.45,4237,5.6851,8.3516,0.7485
60,Hyundai (NewYork),Hyundai,Sedan,NewYork,311.33,3939,5.7409,8.2787,0.823
61,Hyundai (NewYork),Hyundai,Sedan,NewYork,317.36,4152,5.76,8.3313,0.8855
62,Hyundai (NewYork),Hyundai,Sedan,NewYork,315.28,5541,5.7535,8.6199,0.935
63,Hyundai (NewYork),Hyundai,Sedan,NewYork,320.83,4364,5.7709,8.3811,0.9709
64,Hyundai (NewYork),Hyundai,Sedan,NewYork,353.7,4053,5.8685,8.3072,0.9927
65,Hyundai (NewYork),Hyundai,Sedan,NewYork,392.41,3612,5.9723,8.192,1.0
66,Hyundai (NewYork),Hyundai,Sedan,NewYork,393.77,4022,5.9758,8.2995,0.9927
67,Hyundai (NewYork),Hyundai,Sedan,NewYork,396.94,3100,5.9838,8.0392,0.9709
68,Hyundai (NewYork),Hyundai,Sedan,NewYork,418.88,2279,6.0376,7.7315,0.935
69,Hyundai (NewYork),Hyundai,Sedan,NewYork,401.54,3018,5.9953,8.0123,0.8855
70,Hyundai (NewYork),Hyundai,Sedan,NewYork,408.29,3473,6.012,8.1528,0.823
71,Hyundai (NewYork),Hyundai,Sedan,NewYork,407.76,2600,6.0107,7.8633,0.7485
72,Hyundai (NewYork),Hyundai,Sedan,NewYork,414.21,2819,6.0264,7.9441,0.6631
73,Hyundai (NewYork),Hyundai,Sedan,NewYork,397.3,2706,5.9847,7.9032,0.5681
74,Hyundai (NewYork),Hyundai,Sedan,NewYork,366.95,3693,5.9052,8.2142,0.4647
75,Hyundai (NewYork),Hyundai,Sedan,NewYork,330.82,3388,5.8016,8.128,0.3546
76,Hyundai (NewYork),Hyundai,Sedan,NewYork,312.84,3438,5.7457,8.1426,0.2393
77,Hyundai (NewYork),Hyundai,Sedan,NewYork,305.75,3477,5.7228,8.1539,0.1205
78,Hyundai (NewYork),Hyundai,Sedan,NewYork,301.3,3344,5.7081,8.1149,0.0
79,Hyundai (NewYork),Hyundai,Sedan,NewYork,331.95,3195,5.805,8.0693,-0.1205
80,Hyundai (NewYork),Hyundai,Sedan,NewYork,350.82,2585,5.8603,7.8575,-0.2393
81,Hyundai (NewYork),Hyundai,Sedan,NewYork,334.34,2258,5.8122,7.7222,-0.3546
82,Hyundai (NewYork),Hyundai,Sedan,NewYork,340.21,2941,5.8296,7.9865,-0.4647
83,Hyundai (NewYork),Hyundai,Sedan,NewYork,333.35,3012,5.8092,8.0104,-0.5681
84,Hyundai (NewYork),Hyundai,Sedan,NewYork,328.65,3418,5.795,8.1368,-0.6631
85,Hyundai (NewYork),Hyundai,Sedan,NewYork,331.71,3441,5.8042,8.1435,-0.7485
86,Hyundai (NewYork),Hyundai,Sedan,NewYork,342.13,3342,5.8352,8.1143,-0.823
87,Hyundai (NewYork),Hyundai,Sedan,NewYork,336.38,2478,5.8182,7.8152,-0.8855
88,Hyundai (NewYork),Hyundai,Sedan,NewYork,354.76,2619,5.8714,7.8705,-0.935
89,Hyundai (NewYork),Hyundai,Sedan,NewYork,335.07,3075,5.8143,8.0311,-0.9709
90,Hyundai (NewYork),Hyundai,Sedan,NewYork,335.18,3892,5.8147,8.2667,-0.9927
91,Hyundai (NewYork),Hyundai,Sedan,NewYork,381.66,3151,5.9445,8.0555,-1.0
92,Hyundai (NewYork),Hyundai,Sedan,NewYork,385.94,2982,5.9557,8.0003,-0.9927
93,Hyundai (NewYork),Hyundai,Sedan,NewYork,414.62,2396,6.0274,7.7816,-0.9709
94,Hyundai (NewYork),Hyundai,Sedan,NewYork,416.52,2298,6.0319,7.7398,-0.935
95,Hyundai (NewYork),Hyundai,Sedan,NewYork,428.79,2769,6.061,7.9262,-0.8855
96,Hyundai (NewYork),Hyundai,Sedan,NewYork,427.57,2258,6.0581,7.7222,-0.823
97,Hyundai (NewYork),Hyundai,Sedan,NewYork,423.95,2527,6.0496,7.8348,-0.7485
98,Hyundai (NewYork),Hyundai,Sedan,NewYork,407.74,2518,6.0106,7.8312,-0.6631
99,Hyundai (NewYork),Hyundai,Sedan,NewYork,416.61,2987,6.0321,8.002,-0.5681
100,Hyundai (NewYork),Hyundai,Sedan,NewYork,399.24,2471,5.9896,7.8124,-0.4647
101,Hyundai (NewYork),Hyundai,Sedan,NewYork,412.75,1920,6.0229,7.5601,-0.3546
102,Hyundai (NewYork),Hyundai,Sedan,NewYork,435.77,2770,6.0771,7.9266,-0.2393
103,Hyundai (NewYork),Hyundai,Sedan,NewYork,443.83,2335,6.0954,7.7558,-0.1205
0,Toyota (Florida),Toyota,Sedan,Florida,290.71,2629,5.6723,7.8744,0.0
1,Toyota (Florida),Toyota,Sedan,Florida,286.26,2609,5.6569,7.8667,0.1205
2,Toyota (Florida),Toyota,Sedan,Florida,299.96,2553,5.7037,7.845,0.2393
3,Toyota (Florida),Toyota,Sedan,Florida,273.72,3067,5.6121,8.0285,0.3546
4,Toyota (Florida),Toyota,Sedan,Florida,269.16,2386,5.5953,7.7774,0.4647
5,Toyota (Florida),Toyota,Sedan,Florida,243.66,2880,5.4958,7.9655,0.5681
6,Toyota (Florida),Toyota,Sedan,Florida,226.11,3465,5.421,8.1505,0.6631
7,Toyota (Florida),Toyota,Sedan,Florida,242.07,2923,5.4892,7.9804,0.7485
8,Toyota (Florida),Toyota,Sedan,Florida,253.15,2548,5.534,7.8431,0.823
9,Toyota (Florida),Toyota,Sedan,Florida,244.2,3504,5.498,8.1617,0.8855
10,Toyota (Florida),Toyota,Sedan,Florida,226.53,3660,5.4229,8.2052,0.935
11,Toyota (Florida),Toyota,Sedan,Florida,195.32,3335,5.2746,8.1122,0.9709
12,Toyota (Florida),Toyota,Sedan,Florida,190.08,2723,5.2475,7.9095,0.9927
13,Toyota (Florida),Toyota,Sedan,Florida,214.54,3544,5.3685,8.173,1.0
14,Toyota (Florida),Toyota,Sedan,Florida,219.25,2622,5.3902,7.8717,0.9927
15,Toyota (Florida),Toyota,Sedan,Florida,213.21,3277,5.3623,8.0947,0.9709
16,Toyota (Florida),Toyota,Sedan,Florida,218.22,2833,5.3855,7.9491,0.935
17,Toyota (Florida),Toyota,Sedan,Florida,201.84,2941,5.3075,7.9865,0.8855
18,Toyota (Florida),Toyota,Sedan,Florida,198.86,3106,5.2926,8.0411,0.823
19,Toyota (Florida),Toyota,Sedan,Florida,199.85,3186,5.2976,8.0665,0.7485
20,Toyota (Florida),Toyota,Sedan,Florida,198.99,2960,5.2933,7.9929,0.6631
21,Toyota (Florida),Toyota,Sedan,Florida,207.02,3223,5.3328,8.0781,0.5681
22,Toyota (Florida),Toyota,Sedan,Florida,210.62,2661,5.35,7.8865,0.4647
23,Toyota (Florida),Toyota,Sedan,Florida,217.77,2971,5.3835,7.9967,0.3546
24,Toyota (Florida),Toyota,Sedan,Florida,210.41,2742,5.349,7.9164,0.2393
25,Toyota (Florida),Toyota,Sedan,Florida,220.07,2388,5.3939,7.7782,0.1205
26,Toyota (Florida),Toyota,Sedan,Florida,238.74,2249,5.4754,7.7182,-0.0
27,Toyota (Florida),Toyota,Sedan,Florida,227.44,2085,5.4269,7.6425,-0.1205
28,Toyota (Florida),Toyota,Sedan,Florida,217.56,2718,5.3825,7.9077,-0.2393
29,Toyota (Florida),Toyota,Sedan,Florida,232.59,2459,5.4493,7.8075,-0.3546
30,Toyota (Florida),Toyota,Sedan,Florida,230.37,1947,5.4397,7.574,-0.4647
31,Toyota (Florida),Toyota,Sedan,Florida,247.12,2311,5.5099,7.7454,-0.5681
32,Toyota (Florida),Toyota,Sedan,Florida,241.72,2183,5.4878,7.6885,-0.6631
33,Toyota (Florida),Toyota,Sedan,Florida,259.96,2764,5.5605,7.9244,-0.7485
34,Toyota (Florida),Toyota,Sedan,Florida,261.67,1805,5.5671,7.4983,-0.823
35,Toyota (Florida),Toyota,Sedan,Florida,265.07,1895,5.58,7.547,-0.8855
36,Toyota (Florida),Toyota,Sedan,Florida,286.64,2343,5.6582,7.7592,-0.935
37,Toyota (Florida),Toyota,Sedan,Florida,281.51,2473,5.6402,7.8132,-0.9709
38,Toyota (Florida),Toyota,Sedan,Florida,268.57,1958,5.5931,7.5797,-0.9927
39,Toyota (Florida),Toyota,Sedan,Florida,262.61,2023,5.5707,7.6123,-1.0
40,Toyota (Florida),Toyota,Sedan,Florida,268.62,2301,5.5933,7.7411,-0.9927
41,Toyota (Florida),Toyota,Sedan,Florida,248.39,1737,5.515,7.4599,-0.9709
42,Toyota (Florida),Toyota,Sedan,Florida,256.43,1827,5.5469,7.5104,-0.935
43,Toyota (Florida),Toyota,Sedan,Florida,249.62,2199,5.5199,7.6958,-0.8855
44,Toyota (Florida),Toyota,Sedan,Florida,264.36,2693,5.5773,7.8984,-0.823
45,Toyota (Florida),Toyota,Sedan,Florida,234.54,2282,5.4576,7.7328,-0.7485
46,Toyota (Florida),Toyota,Sedan,Florida,225.49,2476,5.4183,7.8144,-0.6631
47,Toyota (Florida),Toyota,Sedan,Florida,207.26,2979,5.334,7.9993,-0.5681
48,Toyota (Florida),Toyota,Sedan,Florida,198.87,3515,5.2926,8.1648,-0.4647
49,Toyota (Florida),Toyota,Sedan,Florida,201.35,2553,5.305,7.845,-0.3546
50,Toyota (Florida),Toyota,Sedan,Florida,199.55,2806,5.2961,7.9395,-0.2393
51,Toyota (Florida),Toyota,Sedan,Florida,197.04,3638,5.2834,8.1992,-0.1205
52,Toyota (Florida),Toyota,Sedan,Florida,195.48,2451,5.2754,7.8043,0.0
53,Toyota (Florida),Toyota,Sedan,Florida,197.47,3421,5.2856,8.1377,0.1205
54,Toyota (Florida),Toyota,Sedan,Florida,187.76,2744,5.2352,7.9172,0.2393
55,Toyota (Florida),Toyota,Sedan,Florida,194.52,3172,5.2705,8.0621,0.3546
56,Toyota (Florida),Toyota,Sedan,Florida,201.07,3032,5.3037,8.017,0.4647
57,Toyota (Florida),Toyota,Sedan,Florida,204.98,2671,5.3229,7.8902,0.5681
58,Toyota (Florida),Toyota,Sedan,Florida,210.76,2618,5.3507,7.8702,0.6631
59,Toyota (Florida),Toyota,Sedan,Florida,213.91,3102,5.3656,8.0398,0.7485
60,Toyota (Florida),Toyota,Sedan,Florida,236.82,3278,5.4673,8.095,0.823
61,Toyota (Florida),Toyota,Sedan,Florida,235.79,2904,5.463,7.9738,0.8855
62,Toyota (Florida),Toyota,Sedan,Florida,232.2,2858,5.4476,7.9579,0.935
63,Toyota (Florida),Toyota,Sedan,Florida,223.62,3088,5.4099,8.0353,0.9709
64,Toyota (Florida),Toyota,Sedan,Florida,212.37,2703,5.3583,7.9021,0.9927
65,Toyota (Florida),Toyota,Sedan,Florida,199.55,3442,5.2961,8.1438,1.0
66,Toyota (Florida),Toyota,Sedan,Florida,190.88,3827,5.2516,8.2498,0.9927
67,Toyota (Florida),Toyota,Sedan,Florida,190.21,4799,5.2481,8.4762,0.9709
68,Toyota (Florida),Toyota,Sedan,Florida,193.41,3305,5.2648,8.1032,0.935
69,Toyota (Florida),Toyota,Sedan,Florida,193.91,3093,5.2674,8.0369,0.8855
70,Toyota (Florida),Toyota,Sedan,Florida,186.63,3682,5.2291,8.2112,0.823
71,Toyota (Florida),Toyota,Sedan,Florida,195.22,3606,5.2741,8.1904,0.7485
72,Toyota (Florida),Toyota,Sedan,Florida,202.57,2967,5.3111,7.9953,0.6631
73,Toyota (Florida),Toyota,Sedan,Florida,200.96,2962,5.3031,7.9936,0.5681
74,Toyota (Florida),Toyota,Sedan,Florida,194.51,3323,5.2705,8.1086,0.4647
75,Toyota (Florida),Toyota,Sedan,Florida,199.91,2749,5.2979,7.919,0.3546
76,Toyota (Florida),Toyota,Sedan,Florida,201.8,2829,5.3073,7.9477,0.2393
77,Toyota (Florida),Toyota,Sedan,Florida,187.71,3032,5.2349,8.017,0.1205
78,Toyota (Florida),Toyota,Sedan,Florida,187.07,3287,5.2315,8.0977,0.0
79,Toyota (Florida),Toyota,Sedan,Florida,189.54,2617,5.2446,7.8698,-0.1205
80,Toyota (Florida),Toyota,Sedan,Florida,181.2,2201,5.1996,7.6967,-0.2393
81,Toyota (Florida),Toyota,Sedan,Florida,182.93,2128,5.2091,7.6629,-0.3546
82,Toyota (Florida),Toyota,Sedan,Florida,170.09,2479,5.1363,7.8156,-0.4647
83,Toyota (Florida),Toyota,Sedan,Florida,181.84,2327,5.2032,7.7523,-0.5681
84,Toyota (Florida),Toyota,Sedan,Florida,193.55,2570,5.2656,7.8517,-0.6631
85,Toyota (Florida),Toyota,Sedan,Florida,191.12,2243,5.2529,7.7156,-0.7485
86,Toyota (Florida),Toyota,Sedan,Florida,194.63,2318,5.2711,7.7485,-0.823
87,Toyota (Florida),Toyota,Sedan,Florida,172.54,2364,5.1506,7.7681,-0.8855
88,Toyota (Florida),Toyota,Sedan,Florida,162.84,2534,5.0928,7.8376,-0.935
89,Toyota (Florida),Toyota,Sedan,Florida,160.47,3305,5.0781,8.1032,-0.9709
90,Toyota (Florida),Toyota,Sedan,Florida,152.09,3119,5.0245,8.0453,-0.9927
91,Toyota (Florida),Toyota,Sedan,Florida,157.62,2908,5.0602,7.9752,-1.0
92,Toyota (Florida),Toyota,Sedan,Florida,174.18,2695,5.1601,7.8992,-0.9927
93,Toyota (Florida),Toyota,Sedan,Florida,164.23,2822,5.1012,7.9452,-0.9709
94,Toyota (Florida),Toyota,Sedan,Florida,157.49,3078,5.0594,8.032,-0.935
95,Toyota (Florida),Toyota,Sedan,Florida,159.36,3264,5.0711,8.0907,-0.8855
96,Toyota (Florida),Toyota,Sedan,Florida,172.72,2633,5.1517,7.8759,-0.823
97,Toyota (Florida),Toyota,Sedan,Florida,162.48,3036,5.0906,8.0183,-0.7485
98,Toyota (Florida),Toyota,Sedan,Florida,164.52,2461,5.103,7.8083,-0.6631
99,Toyota (Florida),Toyota,Sedan,Florida,180.21,3023,5.1941,8.014,-0.5681
100,Toyota (Florida),Toyota,Sedan,Florida,165.92,3259,5.1115,8.0892,-0.4647
101,Toyota (Florida),Toyota,Sedan,Florida,155.63,2860,5.0475,7.9586,-0.3546
102,Toyota (Florida),Toyota,Sedan,Florida,152.36,3738,5.0263,8.2263,-0.2393
103,Toyota (Florida),Toyota,Sedan,Florida,148.45,2886,5.0002,7.9676,-0.1205
0,Toyota (NewYork),Toyota,Sedan,NewYork,501.69,8679,6.218,9.0687,0.0
1,Toyota (NewYork),Toyota,Sedan,NewYork,459.08,8796,6.1292,9.0821,0.1205
2,Toyota (NewYork),Toyota,Sedan,NewYork,471.07,8621,6.155,9.062,0.2393
3,Toyota (NewYork),Toyota,Sedan,NewYork,457.66,8932,6.1261,9.0974,0.3546
4,Toyota (NewYork),Toyota,Sedan,NewYork,487.77,8883,6.1898,9.0919,0.4647
5,Toyota (NewYork),Toyota,Sedan,NewYork,472.7,10310,6.1585,9.2409,0.5681
6,Toyota (NewYork),Toyota,Sedan,NewYork,457.89,11560,6.1266,9.3553,0.6631
7,Toyota (NewYork),Toyota,Sedan,NewYork,470.45,10090,6.1537,9.2193,0.7485
8,Toyota (NewYork),Toyota,Sedan,NewYork,488.74,11225,6.1918,9.3259,0.823
9,Toyota (NewYork),Toyota,Sedan,NewYork,499.82,9167,6.2142,9.1234,0.8855
10,Toyota (NewYork),Toyota,Sedan,NewYork,459.42,11320,6.13,9.3343,0.935
11,Toyota (NewYork),Toyota,Sedan,NewYork,471.95,9513,6.1569,9.1604,0.9709
12,Toyota (NewYork),Toyota,Sedan,NewYork,448.16,12594,6.1051,9.441,0.9927
13,Toyota (NewYork),Toyota,Sedan,NewYork,453.46,14338,6.1169,9.5707,1.0
14,Toyota (NewYork),Toyota,Sedan,NewYork,422.3,11311,6.0457,9.3335,0.9927
15,Toyota (NewYork),Toyota,Sedan,NewYork,431.83,8869,6.068,9.0903,0.9709
16,Toyota (NewYork),Toyota,Sedan,NewYork,414.77,10849,6.0277,9.2918,0.935
17,Toyota (NewYork),Toyota,Sedan,NewYork,389.0,13489,5.9636,9.5096,0.8855
18,Toyota (NewYork),Toyota,Sedan,NewYork,403.14,12213,5.9993,9.4103,0.823
19,Toyota (NewYork),Toyota,Sedan,NewYork,408.04,11659,6.0114,9.3638,0.7485
20,Toyota (NewYork),Toyota,Sedan,NewYork,395.7,12364,5.9807,9.4225,0.6631
21,Toyota (NewYork),Toyota,Sedan,NewYork,425.48,10745,6.0532,9.2822,0.5681
22,Toyota (NewYork),Toyota,Sedan,NewYork,416.21,11452,6.0312,9.3459,0.4647
23,Toyota (NewYork),Toyota,Sedan,NewYork,416.88,10692,6.0328,9.2773,0.3546
24,Toyota (NewYork),Toyota,Sedan,NewYork,422.52,11104,6.0462,9.3151,0.2393
25,Toyota (NewYork),Toyota,Sedan,NewYork,409.63,9884,6.0152,9.1987,0.1205
26,Toyota (NewYork),Toyota,Sedan,NewYork,419.39,9812,6.0388,9.1914,-0.0
27,Toyota (NewYork),Toyota,Sedan,NewYork,408.35,8468,6.0121,9.044,-0.1205
28,Toyota (NewYork),Toyota,Sedan,NewYork,400.03,8146,5.9916,9.0053,-0.2393
29,Toyota (NewYork),Toyota,Sedan,NewYork,428.24,10211,6.0597,9.2312,-0.3546
30,Toyota (NewYork),Toyota,Sedan,NewYork,406.53,8477,6.0077,9.0451,-0.4647
31,Toyota (NewYork),Toyota,Sedan,NewYork,360.33,9700,5.887,9.1799,-0.5681
32,Toyota (NewYork),Toyota,Sedan,NewYork,390.55,8614,5.9676,9.0611,-0.6631
33,Toyota (NewYork),Toyota,Sedan,NewYork,443.65,7034,6.095,8.8585,-0.7485
34,Toyota (NewYork),Toyota,Sedan,NewYork,434.75,7476,6.0748,8.9195,-0.823
35,Toyota (NewYork),Toyota,Sedan,NewYork,394.62,8916,5.9779,9.0956,-0.8855
36,Toyota (NewYork),Toyota,Sedan,NewYork,388.54,7853,5.9624,8.9687,-0.935
37,Toyota (NewYork),Toyota,Sedan,NewYork,383.02,6067,5.9481,8.7106,-0.9709
38,Toyota (NewYork),Toyota,Sedan,NewYork,379.4,7450,5.9386,8.916,-0.9927
39,Toyota (NewYork),Toyota,Sedan,NewYork,358.86,10282,5.8829,9.2382,-1.0
40,Toyota (NewYork),Toyota,Sedan,NewYork,369.41,7766,5.9119,8.9575,-0.9927
41,Toyota (NewYork),Toyota,Sedan,NewYork,379.22,6318,5.9381,8.7512,-0.9709
42,Toyota (NewYork),Toyota,Sedan,NewYork,351.92,10051,5.8634,9.2154,-0.935
43,Toyota (NewYork),Toyota,Sedan,NewYork,364.44,8713,5.8984,9.0726,-0.8855
44,Toyota (NewYork),Toyota,Sedan,NewYork,403.83,7631,6.001,8.94,-0.823
45,Toyota (NewYork),Toyota,Sedan,NewYork,407.32,7032,6.0096,8.8582,-0.7485
46,Toyota (NewYork),Toyota,Sedan,NewYork,400.51,8710,5.9927,9.0722,-0.6631
47,Toyota (NewYork),Toyota,Sedan,NewYork,397.67,7250,5.9856,8.8888,-0.5681
48,Toyota (NewYork),Toyota,Sedan,NewYork,410.1,9210,6.0164,9.128,-0.4647
49,Toyota (NewYork),Toyota,Sedan,NewYork,376.1,9244,5.9299,9.1317,-0.3546
50,Toyota (NewYork),Toyota,Sedan,NewYork,379.21,8794,5.9381,9.0818,-0.2393
51,Toyota (NewYork),Toyota,Sedan,NewYork,371.87,8955,5.9186,9.1,-0.1205
52,Toyota (NewYork),Toyota,Sedan,NewYork,407.87,8120,6.0109,9.0021,0.0
53,Toyota (NewYork),Toyota,Sedan,NewYork,404.33,9567,6.0022,9.1661,0.1205
54,Toyota (NewYork),Toyota,Sedan,NewYork,439.5,7511,6.0856,8.9241,0.2393
55,Toyota (NewYork),Toyota,Sedan,NewYork,415.9,7513,6.0304,8.9244,0.3546
56,Toyota (NewYork),Toyota,Sedan,NewYork,428.29,9651,6.0598,9.1748,0.4647
57,Toyota (NewYork),Toyota,Sedan,NewYork,435.19,9376,6.0758,9.1459,0.5681
58,Toyota (NewYork),Toyota,Sedan,NewYork,416.68,9356,6.0323,9.1438,0.6631
59,Toyota (NewYork),Toyota,Sedan,NewYork,420.4,9270,6.0412,9.1345,0.7485
60,Toyota (NewYork),Toyota,Sedan,NewYork,446.67,8329,6.1018,9.0275,0.823
61,Toyota (NewYork),Toyota,Sedan,NewYork,439.5,9654,6.0856,9.1751,0.8855
62,Toyota (NewYork),Toyota,Sedan,NewYork,403.85,9023,6.001,9.1075,0.935
63,Toyota (NewYork),Toyota,Sedan,NewYork,403.49,8646,6.0002,9.0649,0.9709
64,Toyota (NewYork),Toyota,Sedan,NewYork,385.69,9086,5.955,9.1145,0.9927
65,Toyota (NewYork),Toyota,Sedan,NewYork,379.15,12260,5.9379,9.4141,1.0
66,Toyota (NewYork),Toyota,Sedan,NewYork,377.6,8142,5.9338,9.0048,0.9927
67,Toyota (NewYork),Toyota,Sedan,NewYork,346.73,10857,5.8486,9.2926,0.9709
68,Toyota (NewYork),Toyota,Sedan,NewYork,319.83,8656,5.7678,9.066,0.935
69,Toyota (NewYork),Toyota,Sedan,NewYork,327.63,10441,5.7919,9.2535,0.8855
70,Toyota (NewYork),Toyota,Sedan,NewYork,319.18,10697,5.7657,9.2777,0.823
71,Toyota (NewYork),Toyota,Sedan,NewYork,280.76,9064,5.6375,9.1121,0.7485
72,Toyota (NewYork),Toyota,Sedan,NewYork,292.0,11788,5.6767,9.3748,0.6631
73,Toyota (NewYork),Toyota,Sedan,NewYork,296.0,10434,5.6904,9.2528,0.5681
74,Toyota (NewYork),Toyota,Sedan,NewYork,285.62,8543,5.6547,9.0529,0.4647
75,Toyota (NewYork),Toyota,Sedan,NewYork,267.42,11706,5.5888,9.3679,0.3546
76,Toyota (NewYork),Toyota,Sedan,NewYork,278.83,11806,5.6306,9.3764,0.2393
77,Toyota (NewYork),Toyota,Sedan,NewYork,283.75,11641,5.6481,9.3623,0.1205
78,Toyota (NewYork),Toyota,Sedan,NewYork,319.65,9417,5.7672,9.1503,0.0
79,Toyota (NewYork),Toyota,Sedan,NewYork,326.43,9057,5.7882,9.1113,-0.1205
80,Toyota (NewYork),Toyota,Sedan,NewYork,332.82,10452,5.8076,9.2545,-0.2393
81,Toyota (NewYork),Toyota,Sedan,NewYork,330.06,10319,5.7993,9.2417,-0.3546
82,Toyota (NewYork),Toyota,Sedan,NewYork,343.82,9323,5.8401,9.1402,-0.4647
83,Toyota (NewYork),Toyota,Sedan,NewYork,354.73,6958,5.8714,8.8476,-0.5681
84,Toyota (NewYork),Toyota,Sedan,NewYork,377.64,7613,5.9339,8.9376,-0.6631
85,Toyota (NewYork),Toyota,Sedan,NewYork,367.93,7784,5.9079,8.9598,-0.7485
86,Toyota (NewYork),Toyota,Sedan,NewYork,360.0,6061,5.8861,8.7096,-0.823
87,Toyota (NewYork),Toyota,Sedan,NewYork,351.48,8091,5.8622,8.9985,-0.8855
88,Toyota (NewYork),Toyota,Sedan,NewYork,365.66,9987,5.9017,9.209,-0.935
89,Toyota (NewYork),Toyota,Sedan,NewYork,394.1,7751,5.9766,8.9556,-0.9709
90,Toyota (NewYork),Toyota,Sedan,NewYork,385.16,8648,5.9537,9.0651,-0.9927
91,Toyota (NewYork),Toyota,Sedan,NewYork,377.07,7833,5.9324,8.9661,-1.0
92,Toyota (NewYork),Toyota,Sedan,NewYork,383.04,7473,5.9481,8.9191,-0.9927
93,Toyota (NewYork),Toyota,Sedan,NewYork,378.36,8221,5.9358,9.0144,-0.9709
94,Toyota (NewYork),Toyota,Sedan,NewYork,396.81,6986,5.9835,8.8517,-0.935
95,Toyota (NewYork),Toyota,Sedan,NewYork,354.55,7690,5.8709,8.9477,-0.8855
96,Toyota (NewYork),Toyota,Sedan,NewYork,340.2,10655,5.8295,9.2738,-0.823
97,Toyota (NewYork),Toyota,Sedan,NewYork,327.15,11179,5.7904,9.3218,-0.7485
98,Toyota (NewYork),Toyota,Sedan,NewYork,291.31,8800,5.6744,9.0825,-0.6631
99,Toyota (NewYork),Toyota,Sedan,NewYork,277.61,11427,5.6262,9.3437,-0.5681
100,Toyota (NewYork),Toyota,Sedan,NewYork,265.19,10539,5.5804,9.2628,-0.4647
101,Toyota (NewYork),Toyota,Sedan,NewYork,262.54,11526,5.5704,9.3524,-0.3546
102,Toyota (NewYork),Toyota,Sedan,NewYork,277.56,11893,5.626,9.3837,-0.2393
103,Toyota (NewYork),Toyota,Sedan,NewYork,274.18,12661,5.6138,9.4463,-0.1205
0,Volkswagen (Florida),Volkswagen,SmallSUV,Florida,232.82,105,5.4502,4.654,0.0
1,Volkswagen (Florida),Volkswagen,SmallSUV,Florida,245.36,120,5.5027,4.7875,0.1205
2,Volkswagen (Florida),Volkswagen,SmallSUV,Florida,233.67,114,5.4539,4.7362,0.2393
3,Volkswagen (Florida),Volkswagen,SmallSUV,Florida,223.27,130,5.4084,4.8675,0.3546
4,Volkswagen (Florida),Volkswagen,SmallSUV,Florida,229.59,108,5.4363,4.6821,0.4647
5,Volkswagen (Florida),Volkswagen,SmallSUV,Florida,227.06,162,5.4252,5.0876,0.5681
6,Volkswagen (Florida),Volkswagen,SmallSUV,Florida,234.54,124,5.4576,4.8203,0.6631
7,Volkswagen (Florida),Volkswagen,SmallSUV,Florida,234.38,128,5.4569,4.852,0.7485
8,Volkswagen (Florida),Volkswagen,SmallSUV,Florida,242.74,93,5.492,4.5326,0.823
9,Volkswagen (Florida),Volkswagen,SmallSUV,Florida,230.5,108,5.4403,4.6821,0.8855
10,Volkswagen (Florida),Volkswagen,SmallSUV,Florida,230.36,141,5.4396,4.9488,0.935
11,Volkswagen (Florida),Volkswagen,SmallSUV,Florida,227.95,127,5.4291,4.8442,0.9709
12,Volkswagen (Florida),Volkswagen,SmallSUV,Florida,214.5,108,5.3683,4.6821,0.9927
13,Volkswagen (Florida),Volkswagen,SmallSUV,Florida,198.37,166,5.2901,5.112,1.0
14,Volkswagen (Florida),Volkswagen,SmallSUV,Florida,205.29,133,5.3244,4.8903,0.9927
15,Volkswagen (Florida),Volkswagen,SmallSUV,Florida,201.72,171,5.3069,5.1417,0.9709
16,Volkswagen (Florida),Volkswagen,SmallSUV,Florida,191.67,149,5.2558,5.0039,0.935
17,Volkswagen (Florida),Volkswagen,SmallSUV,Florida,190.75,157,5.251,5.0562,0.8855
18,Volkswagen (Florida),Volkswagen,SmallSUV,Florida,201.82,162,5.3074,5.0876,0.823
19,Volkswagen (Florida),Volkswagen,SmallSUV,Florida,180.07,139,5.1933,4.9345,0.7485
20,Volkswagen (Florida),Volkswagen,SmallSUV,Florida,167.08,148,5.1185,4.9972,0.6631
21,Volkswagen (Florida),Volkswagen,SmallSUV,Florida,159.55,169,5.0724,5.1299,0.5681
22,Volkswagen (Florida),Volkswagen,SmallSUV,Florida,171.64,178,5.1454,5.1818,0.4647
23,Volkswagen (Florida),Volkswagen,SmallSUV,Florida,174.08,132,5.1595,4.8828,0.3546
24,Volkswagen (Florida),Volkswagen,SmallSUV,Florida,180.89,119,5.1979,4.7791,0.2393
25,Volkswagen (Florida),Volkswagen,SmallSUV,Florida,170.87,171,5.1409,5.1417,0.1205
26,Volkswagen (Florida),Volkswagen,SmallSUV,Florida,161.57,152,5.0849,5.0239,-0.0
27,Volkswagen (Florida),Volkswagen,SmallSUV,Florida,165.23,151,5.1073,5.0173,-0.1205
28,Volkswagen (Florida),Volkswagen,SmallSUV,Florida,165.71,126,5.1102,4.8363,-0.2393
29,Volkswagen (Florida),Volkswagen,SmallSUV,Florida,170.32,140,5.1377,4.9416,-0.3546
30,Volkswagen (Florida),Volkswagen,SmallSUV,Florida,168.73,153,5.1283,5.0304,-0.4647
31,Volkswagen (Florida),Volkswagen,SmallSUV,Florida,171.09,168,5.1422,5.124,-0.5681
32,Volkswagen (Florida),Volkswagen,SmallSUV,Florida,172.45,133,5.1501,4.8903,-0.6631
33,Volkswagen (Florida),Volkswagen,SmallSUV,Florida,179.29,170,5.189,5.1358,-0.7485
34,Volkswagen (Florida),Volkswagen,SmallSUV,Florida,186.67,119,5.2293,4.7791,-0.823
35,Volkswagen (Florida),Volkswagen,SmallSUV,Florida,172.14,126,5.1483,4.8363,-0.8855
36,Volkswagen (Florida),Volkswagen,SmallSUV,Florida,153.85,172,5.036,5.1475,-0.935
37,Volkswagen (Florida),Volkswagen,SmallSUV,Florida,161.75,134,5.0861,4.8978,-0.9709
38,Volkswagen (Florida),Volkswagen,SmallSUV,Florida,171.65,115,5.1454,4.7449,-0.9927
39,Volkswagen (Florida),Volkswagen,SmallSUV,Florida,163.11,127,5.0944,4.8442,-1.0
40,Volkswagen (Florida),Volkswagen,SmallSUV,Florida,148.62,163,5.0014,5.0938,-0.9927
41,Volkswagen (Florida),Volkswagen,SmallSUV,Florida,149.36,162,5.0064,5.0876,-0.9709
42,Volkswagen (Florida),Volkswagen,SmallSUV,Florida,156.48,119,5.0529,4.7791,-0.935
43,Volkswagen (Florida),Volkswagen,SmallSUV,Florida,171.19,123,5.1428,4.8122,-0.8855
44,Volkswagen (Florida),Volkswagen,SmallSUV,Florida,175.67,128,5.1686,4.852,-0.823
45,Volkswagen (Florida),Volkswagen,SmallSUV,Florida,172.44,116,5.15,4.7536,-0.7485
46,Volkswagen (Florida),Volkswagen,SmallSUV,Florida,164.9,137,5.1054,4.92,-0.6631
47,Volkswagen (Florida),Volkswagen,SmallSUV,Florida,165.0,141,5.1059,4.9488,-0.5681
48,Volkswagen (Florida),Volkswagen,SmallSUV,Florida,162.55,164,5.091,5.0999,-0.4647
49,Volkswagen (Florida),Volkswagen,SmallSUV,Florida,154.5,174,5.0402,5.1591,-0.3546
50,Volkswagen (Florida),Volkswagen,SmallSUV,Florida,171.17,131,5.1427,4.8752,-0.2393
51,Volkswagen (Florida),Volkswagen,SmallSUV,Florida,187.15,124,5.2319,4.8203,-0.1205
52,Volkswagen (Florida),Volkswagen,SmallSUV,Florida,198.09,128,5.2887,4.852,0.0
53,Volkswagen (Florida),Volkswagen,SmallSUV,Florida,189.18,116,5.2427,4.7536,0.1205
54,Volkswagen (Florida),Volkswagen,SmallSUV,Florida,197.44,130,5.2854,4.8675,0.2393
55,Volkswagen (Florida),Volkswagen,SmallSUV,Florida,203.86,120,5.3174,4.7875,0.3546
56,Volkswagen (Florida),Volkswagen,SmallSUV,Florida,208.42,108,5.3395,4.6821,0.4647
57,Volkswagen (Florida),Volkswagen,SmallSUV,Florida,221.85,101,5.402,4.6151,0.5681
58,Volkswagen (Florida),Volkswagen,SmallSUV,Florida,229.02,134,5.4338,4.8978,0.6631
59,Volkswagen (Florida),Volkswagen,SmallSUV,Florida,237.65,107,5.4708,4.6728,0.7485
60,Volkswagen (Florida),Volkswagen,SmallSUV,Florida,245.34,132,5.5026,4.8828,0.823
61,Volkswagen (Florida),Volkswagen,SmallSUV,Florida,249.55,100,5.5197,4.6052,0.8855
62,Volkswagen (Florida),Volkswagen,SmallSUV,Florida,228.26,118,5.4305,4.7707,0.935
63,Volkswagen (Florida),Volkswagen,SmallSUV,Florida,229.22,154,5.4347,5.037,0.9709
64,Volkswagen (Florida),Volkswagen,SmallSUV,Florida,222.93,105,5.4069,4.654,0.9927
65,Volkswagen (Florida),Volkswagen,SmallSUV,Florida,209.11,100,5.3429,4.6052,1.0
66,Volkswagen (Florida),Volkswagen,SmallSUV,Florida,227.46,135,5.427,4.9053,0.9927
67,Volkswagen (Florida),Volkswagen,SmallSUV,Florida,248.0,98,5.5134,4.585,0.9709
68,Volkswagen (Florida),Volkswagen,SmallSUV,Florida,265.44,99,5.5814,4.5951,0.935
69,Volkswagen (Florida),Volkswagen,SmallSUV,Florida,268.85,91,5.5941,4.5109,0.8855
70,Volkswagen (Florida),Volkswagen,SmallSUV,Florida,287.63,95,5.6617,4.5539,0.823
71,Volkswagen (Florida),Volkswagen,SmallSUV,Florida,287.8,83,5.6623,4.4188,0.7485
72,Volkswagen (Florida),Volkswagen,SmallSUV,Florida,290.74,92,5.6724,4.5218,0.6631
73,Volkswagen (Florida),Volkswagen,SmallSUV,Florida,275.27,100,5.6177,4.6052,0.5681
74,Volkswagen (Florida),Volkswagen,SmallSUV,Florida,280.78,80,5.6376,4.382,0.4647
75,Volkswagen (Florida),Volkswagen,SmallSUV,Florida,281.63,83,5.6406,4.4188,0.3546
76,Volkswagen (Florida),Volkswagen,SmallSUV,Florida,263.88,89,5.5755,4.4886,0.2393
77,Volkswagen (Florida),Volkswagen,SmallSUV,Florida,263.2,77,5.5729,4.3438,0.1205
78,Volkswagen (Florida),Volkswagen,SmallSUV,Florida,262.15,87,5.5689,4.4659,0.0
79,Volkswagen (Florida),Volkswagen,SmallSUV,Florida,286.81,85,5.6588,4.4427,-0.1205
80,Volkswagen (Florida),Volkswagen,SmallSUV,Florida,299.92,76,5.7035,4.3307,-0.2393
81,Volkswagen (Florida),Volkswagen,SmallSUV,Florida,300.09,75,5.7041,4.3175,-0.3546
82,Volkswagen (Florida),Volkswagen,SmallSUV,Florida,303.85,75,5.7165,4.3175,-0.4647
83,Volkswagen (Florida),Volkswagen,SmallSUV,Florida,304.52,69,5.7187,4.2341,-0.5681
84,Volkswagen (Florida),Volkswagen,SmallSUV,Florida,301.45,80,5.7086,4.382,-0.6631
85,Volkswagen (Florida),Volkswagen,SmallSUV,Florida,285.57,93,5.6545,4.5326,-0.7485
86,Volkswagen (Florida),Volkswagen,SmallSUV,Florida,283.42,75,5.6469,4.3175,-0.823
87,Volkswagen (Florida),Volkswagen,SmallSUV,Florida,273.04,87,5.6096,4.4659,-0.8855
88,Volkswagen (Florida),Volkswagen,SmallSUV,Florida,256.49,83,5.5471,4.4188,-0.935
89,Volkswagen (Florida),Volkswagen,SmallSUV,Florida,263.13,86,5.5727,4.4543,-0.9709
90,Volkswagen (Florida),Volkswagen,SmallSUV,Florida,268.33,97,5.5922,4.5747,-0.9927
91,Volkswagen (Florida),Volkswagen,SmallSUV,Florida,245.4,91,5.5029,4.5109,-1.0
92,Volkswagen (Florida),Volkswagen,SmallSUV,Florida,243.9,69,5.4968,4.2341,-0.9927
93,Volkswagen (Florida),Volkswagen,SmallSUV,Florida,256.35,85,5.5465,4.4427,-0.9709
94,Volkswagen (Florida),Volkswagen,SmallSUV,Florida,270.29,87,5.5995,4.4659,-0.935
95,Volkswagen (Florida),Volkswagen,SmallSUV,Florida,284.52,70,5.6508,4.2485,-0.8855
96,Volkswagen (Florida),Volkswagen,SmallSUV,Florida,285.07,83,5.6527,4.4188,-0.823
97,Volkswagen (Florida),Volkswagen,SmallSUV,Florida,273.28,70,5.6105,4.2485,-0.7485
98,Volkswagen (Florida),Volkswagen,SmallSUV,Florida,258.86,70,5.5563,4.2485,-0.6631
99,Volkswagen (Florida),Volkswagen,SmallSUV,Florida,263.36,85,5.5735,4.4427,-0.5681
100,Volkswagen (Florida),Volkswagen,SmallSUV,Florida,268.4,67,5.5925,4.2047,-0.4647
101,Volkswagen (Florida),Volkswagen,SmallSUV,Florida,286.25,75,5.6569,4.3175,-0.3546
102,Volkswagen (Florida),Volkswagen,SmallSUV,Florida,302.43,86,5.7119,4.4543,-0.2393
103,Volkswagen (Florida),Volkswagen,SmallSUV,Florida,300.44,60,5.7052,4.0943,-0.1205
0,Volkswagen (NewYork),Volkswagen,SmallSUV,NewYork,487.19,4,6.1887,1.3863,0.0
1,Volkswagen (NewYork),Volkswagen,SmallSUV,NewYork,492.51,4,6.1995,1.3863,0.1205
2,Volkswagen (NewYork),Volkswagen,SmallSUV,NewYork,487.56,5,6.1894,1.6094,0.2393
3,Volkswagen (NewYork),Volkswagen,SmallSUV,NewYork,473.67,5,6.1605,1.6094,0.3546
4,Volkswagen (NewYork),Volkswagen,SmallSUV,NewYork,479.7,6,6.1732,1.7918,0.4647
5,Volkswagen (NewYork),Volkswagen,SmallSUV,NewYork,467.76,6,6.148,1.7918,0.5681
6,Volkswagen (NewYork),Volkswagen,SmallSUV,NewYork,453.3,6,6.1166,1.7918,0.6631
7,Volkswagen (NewYork),Volkswagen,SmallSUV,NewYork,460.42,6,6.1321,1.7918,0.7485
8,Volkswagen (NewYork),Volkswagen,SmallSUV,NewYork,451.25,6,6.112,1.7918,0.823
9,Volkswagen (NewYork),Volkswagen,SmallSUV,NewYork,456.8,5,6.1242,1.6094,0.8855
10,Volkswagen (NewYork),Volkswagen,SmallSUV,NewYork,463.08,7,6.1379,1.9459,0.935
11,Volkswagen (NewYork),Volkswagen,SmallSUV,NewYork,437.43,6,6.0809,1.7918,0.9709
12,Volkswagen (NewYork),Volkswagen,SmallSUV,NewYork,427.03,8,6.0569,2.0794,0.9927
13,Volkswagen (NewYork),Volkswagen,SmallSUV,NewYork,458.86,7,6.1288,1.9459,1.0
14,Volkswagen (NewYork),Volkswagen,SmallSUV,NewYork,432.96,7,6.0706,1.9459,0.9927
15,Volkswagen (NewYork),Volkswagen,SmallSUV,NewYork,389.48,8,5.9648,2.0794,0.9709
16,Volkswagen (NewYork),Volkswagen,SmallSUV,NewYork,354.86,9,5.8717,2.1972,0.935
17,Volkswagen (NewYork),Volkswagen,SmallSUV,NewYork,355.38,6,5.8732,1.7918,0.8855
18,Volkswagen (NewYork),Volkswagen,SmallSUV,NewYork,355.93,9,5.8747,2.1972,0.823
19,Volkswagen (NewYork),Volkswagen,SmallSUV,NewYork,353.84,8,5.8688,2.0794,0.7485
20,Volkswagen (NewYork),Volkswagen,SmallSUV,NewYork,375.99,8,5.9296,2.0794,0.6631
21,Volkswagen (NewYork),Volkswagen,SmallSUV,NewYork,328.95,9,5.7959,2.1972,0.5681
22,Volkswagen (NewYork),Volkswagen,SmallSUV,NewYork,335.53,8,5.8157,2.0794,0.4647
23,Volkswagen (NewYork),Volkswagen,SmallSUV,NewYork,362.77,7,5.8938,1.9459,0.3546
24,Volkswagen (NewYork),Volkswagen,SmallSUV,NewYork,342.88,8,5.8374,2.0794,0.2393
25,Volkswagen (NewYork),Volkswagen,SmallSUV,NewYork,336.43,8,5.8184,2.0794,0.1205
26,Volkswagen (NewYork),Volkswagen,SmallSUV,NewYork,324.0,8,5.7808,2.0794,-0.0
27,Volkswagen (NewYork),Volkswagen,SmallSUV,NewYork,309.83,8,5.736,2.0794,-0.1205
28,Volkswagen (NewYork),Volkswagen,SmallSUV,NewYork,304.82,9,5.7197,2.1972,-0.2393
29,Volkswagen (NewYork),Volkswagen,SmallSUV,NewYork,327.37,7,5.7911,1.9459,-0.3546
30,Volkswagen (NewYork),Volkswagen,SmallSUV,NewYork,358.87,7,5.883,1.9459,-0.4647
31,Volkswagen (NewYork),Volkswagen,SmallSUV,NewYork,352.9,8,5.8662,2.0794,-0.5681
32,Volkswagen (NewYork),Volkswagen,SmallSUV,NewYork,388.16,5,5.9614,1.6094,-0.6631
33,Volkswagen (NewYork),Volkswagen,SmallSUV,NewYork,388.85,6,5.9632,1.7918,-0.7485
34,Volkswagen (NewYork),Volkswagen,SmallSUV,NewYork,424.49,5,6.0509,1.6094,-0.823
35,Volkswagen (NewYork),Volkswagen,SmallSUV,NewYork,422.51,5,6.0462,1.6094,-0.8855
36,Volkswagen (NewYork),Volkswagen,SmallSUV,NewYork,425.29,5,6.0528,1.6094,-0.935
37,Volkswagen (NewYork),Volkswagen,SmallSUV,NewYork,433.14,5,6.0711,1.6094,-0.9709
38,Volkswagen (NewYork),Volkswagen,SmallSUV,NewYork,507.75,5,6.23,1.6094,-0.9927
39,Volkswagen (NewYork),Volkswagen,SmallSUV,NewYork,529.83,3,6.2726,1.0986,-1.0
40,Volkswagen (NewYork),Volkswagen,SmallSUV,NewYork,511.42,4,6.2372,1.3863,-0.9927
41,Volkswagen (NewYork),Volkswagen,SmallSUV,NewYork,536.81,3,6.2856,1.0986,-0.9709
42,Volkswagen (NewYork),Volkswagen,SmallSUV,NewYork,527.19,5,6.2676,1.6094,-0.935
43,Volkswagen (NewYork),Volkswagen,SmallSUV,NewYork,514.43,4,6.2431,1.3863,-0.8855
44,Volkswagen (NewYork),Volkswagen,SmallSUV,NewYork,538.34,4,6.2885,1.3863,-0.823
45,Volkswagen (NewYork),Volkswagen,SmallSUV,NewYork,539.18,4,6.2901,1.3863,-0.7485
46,Volkswagen (NewYork),Volkswagen,SmallSUV,NewYork,546.74,4,6.304,1.3863,-0.6631
47,Volkswagen (NewYork),Volkswagen,SmallSUV,NewYork,547.13,4,6.3047,1.3863,-0.5681
48,Volkswagen (NewYork),Volkswagen,SmallSUV,NewYork,556.41,6,6.3215,1.7918,-0.4647
49,Volkswagen (NewYork),Volkswagen,SmallSUV,NewYork,568.36,5,6.3428,1.6094,-0.3546
50,Volkswagen (NewYork),Volkswagen,SmallSUV,NewYork,515.9,5,6.2459,1.6094,-0.2393
51,Volkswagen (NewYork),Volkswagen,SmallSUV,NewYork,533.38,6,6.2792,1.7918,-0.1205
52,Volkswagen (NewYork),Volkswagen,SmallSUV,NewYork,507.82,5,6.2301,1.6094,0.0
53,Volkswagen (NewYork),Volkswagen,SmallSUV,NewYork,472.49,5,6.158,1.6094,0.1205
54,Volkswagen (NewYork),Volkswagen,SmallSUV,NewYork,471.11,7,6.1551,1.9459,0.2393
55,Volkswagen (NewYork),Volkswagen,SmallSUV,NewYork,473.1,7,6.1593,1.9459,0.3546
56,Volkswagen (NewYork),Volkswagen,SmallSUV,NewYork,456.97,7,6.1246,1.9459,0.4647
57,Volkswagen (NewYork),Volkswagen,SmallSUV,NewYork,476.36,6,6.1662,1.7918,0.5681
58,Volkswagen (NewYork),Volkswagen,SmallSUV,NewYork,445.44,6,6.0991,1.7918,0.6631
59,Volkswagen (NewYork),Volkswagen,SmallSUV,NewYork,436.47,8,6.0787,2.0794,0.7485
60,Volkswagen (NewYork),Volkswagen,SmallSUV,NewYork,423.89,8,6.0495,2.0794,0.823
61,Volkswagen (NewYork),Volkswagen,SmallSUV,NewYork,422.9,8,6.0471,2.0794,0.8855
62,Volkswagen (NewYork),Volkswagen,SmallSUV,NewYork,428.84,6,6.0611,1.7918,0.935
63,Volkswagen (NewYork),Volkswagen,SmallSUV,NewYork,407.77,8,6.0107,2.0794,0.9709
64,Volkswagen (NewYork),Volkswagen,SmallSUV,NewYork,422.8,9,6.0469,2.1972,0.9927
65,Volkswagen (NewYork),Volkswagen,SmallSUV,NewYork,424.14,7,6.0501,1.9459,1.0
66,Volkswagen (NewYork),Volkswagen,SmallSUV,NewYork,385.85,9,5.9555,2.1972,0.9927
67,Volkswagen (NewYork),Volkswagen,SmallSUV,NewYork,349.86,10,5.8575,2.3026,0.9709
68,Volkswagen (NewYork),Volkswagen,SmallSUV,NewYork,349.64,10,5.8569,2.3026,0.935
69,Volkswagen (NewYork),Volkswagen,SmallSUV,NewYork,345.8,10,5.8459,2.3026,0.8855
70,Volkswagen (NewYork),Volkswagen,SmallSUV,NewYork,344.02,8,5.8407,2.0794,0.823
71,Volkswagen (NewYork),Volkswagen,SmallSUV,NewYork,343.54,7,5.8393,1.9459,0.7485
72,Volkswagen (NewYork),Volkswagen,SmallSUV,NewYork,347.43,8,5.8506,2.0794,0.6631
73,Volkswagen (NewYork),Volkswagen,SmallSUV,NewYork,364.29,9,5.898,2.1972,0.5681
74,Volkswagen (NewYork),Volkswagen,SmallSUV,NewYork,344.61,8,5.8424,2.0794,0.4647
75,Volkswagen (NewYork),Volkswagen,SmallSUV,NewYork,324.99,8,5.7838,2.0794,0.3546
76,Volkswagen (NewYork),Volkswagen,SmallSUV,NewYork,307.7,7,5.7291,1.9459,0.2393
77,Volkswagen (NewYork),Volkswagen,SmallSUV,NewYork,312.18,11,5.7436,2.3979,0.1205
78,Volkswagen (NewYork),Volkswagen,SmallSUV,NewYork,332.23,9,5.8058,2.1972,0.0
79,Volkswagen (NewYork),Volkswagen,SmallSUV,NewYork,325.14,9,5.7843,2.1972,-0.1205
80,Volkswagen (NewYork),Volkswagen,SmallSUV,NewYork,286.91,10,5.6592,2.3026,-0.2393
81,Volkswagen (NewYork),Volkswagen,SmallSUV,NewYork,263.48,11,5.574,2.3979,-0.3546
82,Volkswagen (NewYork),Volkswagen,SmallSUV,NewYork,252.73,10,5.5323,2.3026,-0.4647
83,Volkswagen (NewYork),Volkswagen,SmallSUV,NewYork,245.78,10,5.5044,2.3026,-0.5681
84,Volkswagen (NewYork),Volkswagen,SmallSUV,NewYork,240.81,10,5.484,2.3026,-0.6631
85,Volkswagen (NewYork),Volkswagen,SmallSUV,NewYork,241.28,15,5.486,2.7081,-0.7485
86,Volkswagen (NewYork),Volkswagen,SmallSUV,NewYork,237.55,11,5.4704,2.3979,-0.823
87,Volkswagen (NewYork),Volkswagen,SmallSUV,NewYork,250.34,10,5.5228,2.3026,-0.8855
88,Volkswagen (NewYork),Volkswagen,SmallSUV,NewYork,242.02,11,5.489,2.3979,-0.935
89,Volkswagen (NewYork),Volkswagen,SmallSUV,NewYork,231.81,9,5.4459,2.1972,-0.9709
90,Volkswagen (NewYork),Volkswagen,SmallSUV,NewYork,237.43,12,5.4699,2.4849,-0.9927
91,Volkswagen (NewYork),Volkswagen,SmallSUV,NewYork,219.88,11,5.3931,2.3979,-1.0
92,Volkswagen (NewYork),Volkswagen,SmallSUV,NewYork,224.2,12,5.4126,2.4849,-0.9927
93,Volkswagen (NewYork),Volkswagen,SmallSUV,NewYork,225.36,13,5.4177,2.5649,-0.9709
94,Volkswagen (NewYork),Volkswagen,SmallSUV,NewYork,223.7,12,5.4103,2.4849,-0.935
95,Volkswagen (NewYork),Volkswagen,SmallSUV,NewYork,242.19,10,5.4897,2.3026,-0.8855
96,Volkswagen (NewYork),Volkswagen,SmallSUV,NewYork,234.77,11,5.4586,2.3979,-0.823
97,Volkswagen (NewYork),Volkswagen,SmallSUV,NewYork,260.25,10,5.5616,2.3026,-0.7485
98,Volkswagen (NewYork),Volkswagen,SmallSUV,NewYork,257.33,9,5.5504,2.1972,-0.6631
99,Volkswagen (NewYork),Volkswagen,SmallSUV,NewYork,241.41,10,5.4865,2.3026,-0.5681
100,Volkswagen (NewYork),Volkswagen,SmallSUV,NewYork,242.26,13,5.49,2.5649,-0.4647
101,Volkswagen (NewYork),Volkswagen,SmallSUV,NewYork,229.57,12,5.4362,2.4849,-0.3546
102,Volkswagen (NewYork),Volkswagen,SmallSUV,NewYork,221.1,11,5.3986,2.3979,-0.2393
103,Volkswagen (NewYork),Volkswagen,SmallSUV,NewYork,225.53,11,5.4185,2.3979,-0.1205
0,Mazda (Florida),Mazda,SmallSUV,Florida,324.7,4,5.7829,1.3863,0.0
1,Mazda (Florida),Mazda,SmallSUV,Florida,341.13,4,5.8323,1.3863,0.1205
2,Mazda (Florida),Mazda,SmallSUV,Florida,361.46,4,5.8901,1.3863,0.2393
3,Mazda (Florida),Mazda,SmallSUV,Florida,388.37,3,5.962,1.0986,0.3546
4,Mazda (Florida),Mazda,SmallSUV,Florida,398.79,3,5.9884,1.0986,0.4647
5,Mazda (Florida),Mazda,SmallSUV,Florida,426.92,3,6.0566,1.0986,0.5681
6,Mazda (Florida),Mazda,SmallSUV,Florida,388.6,3,5.9626,1.0986,0.6631
7,Mazda (Florida),Mazda,SmallSUV,Florida,382.48,4,5.9467,1.3863,0.7485
8,Mazda (Florida),Mazda,SmallSUV,Florida,366.25,4,5.9033,1.3863,0.823
9,Mazda (Florida),Mazda,SmallSUV,Florida,368.44,3,5.9093,1.0986,0.8855
10,Mazda (Florida),Mazda,SmallSUV,Florida,358.06,3,5.8807,1.0986,0.935
11,Mazda (Florida),Mazda,SmallSUV,Florida,355.1,4,5.8724,1.3863,0.9709
12,Mazda (Florida),Mazda,SmallSUV,Florida,390.14,4,5.9665,1.3863,0.9927
13,Mazda (Florida),Mazda,SmallSUV,Florida,386.84,3,5.958,1.0986,1.0
14,Mazda (Florida),Mazda,SmallSUV,Florida,394.93,3,5.9787,1.0986,0.9927
15,Mazda (Florida),Mazda,SmallSUV,Florida,390.37,3,5.9671,1.0986,0.9709
16,Mazda (Florida),Mazda,SmallSUV,Florida,391.85,3,5.9709,1.0986,0.935
17,Mazda (Florida),Mazda,SmallSUV,Florida,391.97,3,5.9712,1.0986,0.8855
18,Mazda (Florida),Mazda,SmallSUV,Florida,400.85,3,5.9936,1.0986,0.823
19,Mazda (Florida),Mazda,SmallSUV,Florida,424.9,3,6.0519,1.0986,0.7485
20,Mazda (Florida),Mazda,SmallSUV,Florida,461.38,2,6.1342,0.6931,0.6631
21,Mazda (Florida),Mazda,SmallSUV,Florida,468.58,2,6.1497,0.6931,0.5681
22,Mazda (Florida),Mazda,SmallSUV,Florida,482.6,2,6.1792,0.6931,0.4647
23,Mazda (Florida),Mazda,SmallSUV,Florida,455.61,3,6.1216,1.0986,0.3546
24,Mazda (Florida),Mazda,SmallSUV,Florida,453.62,3,6.1173,1.0986,0.2393
25,Mazda (Florida),Mazda,SmallSUV,Florida,475.45,2,6.1643,0.6931,0.1205
26,Mazda (Florida),Mazda,SmallSUV,Florida,496.49,2,6.2076,0.6931,-0.0
27,Mazda (Florida),Mazda,SmallSUV,Florida,501.77,2,6.2181,0.6931,-0.1205
28,Mazda (Florida),Mazda,SmallSUV,Florida,524.51,2,6.2625,0.6931,-0.2393
29,Mazda (Florida),Mazda,SmallSUV,Florida,537.54,2,6.287,0.6931,-0.3546
30,Mazda (Florida),Mazda,SmallSUV,Florida,570.79,2,6.347,0.6931,-0.4647
31,Mazda (Florida),Mazda,SmallSUV,Florida,579.11,2,6.3615,0.6931,-0.5681
32,Mazda (Florida),Mazda,SmallSUV,Florida,568.9,2,6.3437,0.6931,-0.6631
33,Mazda (Florida),Mazda,SmallSUV,Florida,578.53,2,6.3605,0.6931,-0.7485
34,Mazda (Florida),Mazda,SmallSUV,Florida,499.68,1,6.214,0.0,-0.823
35,Mazda (Florida),Mazda,SmallSUV,Florida,509.34,2,6.2331,0.6931,-0.8855
36,Mazda (Florida),Mazda,SmallSUV,Florida,424.4,2,6.0507,0.6931,-0.935
37,Mazda (Florida),Mazda,SmallSUV,Florida,389.36,3,5.9645,1.0986,-0.9709
38,Mazda (Florida),Mazda,SmallSUV,Florida,398.26,3,5.9871,1.0986,-0.9927
39,Mazda (Florida),Mazda,SmallSUV,Florida,407.88,2,6.011,0.6931,-1.0
40,Mazda (Florida),Mazda,SmallSUV,Florida,384.85,2,5.9529,0.6931,-0.9927
41,Mazda (Florida),Mazda,SmallSUV,Florida,371.39,2,5.9173,0.6931,-0.9709
42,Mazda (Florida),Mazda,SmallSUV,Florida,397.73,2,5.9858,0.6931,-0.935
43,Mazda (Florida),Mazda,SmallSUV,Florida,388.22,2,5.9616,0.6931,-0.8855
44,Mazda (Florida),Mazda,SmallSUV,Florida,434.3,2,6.0737,0.6931,-0.823
45,Mazda (Florida),Mazda,SmallSUV,Florida,434.25,2,6.0736,0.6931,-0.7485
46,Mazda (Florida),Mazda,SmallSUV,Florida,443.2,2,6.094,0.6931,-0.6631
47,Mazda (Florida),Mazda,SmallSUV,Florida,480.52,2,6.1749,0.6931,-0.5681
48,Mazda (Florida),Mazda,SmallSUV,Florida,483.68,2,6.1814,0.6931,-0.4647
49,Mazda (Florida),Mazda,SmallSUV,Florida,460.04,2,6.1313,0.6931,-0.3546
50,Mazda (Florida),Mazda,SmallSUV,Florida,457.52,2,6.1258,0.6931,-0.2393
51,Mazda (Florida),Mazda,SmallSUV,Florida,456.71,2,6.124,0.6931,-0.1205
52,Mazda (Florida),Mazda,SmallSUV,Florida,426.58,2,6.0558,0.6931,0.0
53,Mazda (Florida),Mazda,SmallSUV,Florida,421.16,2,6.043,0.6931,0.1205
54,Mazda (Florida),Mazda,SmallSUV,Florida,405.82,3,6.0059,1.0986,0.2393
55,Mazda (Florida),Mazda,SmallSUV,Florida,425.01,3,6.0521,1.0986,0.3546
56,Mazda (Florida),Mazda,SmallSUV,Florida,425.75,2,6.0539,0.6931,0.4647
57,Mazda (Florida),Mazda,SmallSUV,Florida,419.77,3,6.0397,1.0986,0.5681
58,Mazda (Florida),Mazda,SmallSUV,Florida,417.55,3,6.0344,1.0986,0.6631
59,Mazda (Florida),Mazda,SmallSUV,Florida,422.23,3,6.0456,1.0986,0.7485
60,Mazda (Florida),Mazda,SmallSUV,Florida,435.46,2,6.0764,0.6931,0.823
61,Mazda (Florida),Mazda,SmallSUV,Florida,414.23,4,6.0264,1.3863,0.8855
62,Mazda (Florida),Mazda,SmallSUV,Florida,393.21,3,5.9743,1.0986,0.935
63,Mazda (Florida),Mazda,SmallSUV,Florida,415.54,3,6.0296,1.0986,0.9709
64,Mazda (Florida),Mazda,SmallSUV,Florida,407.06,3,6.009,1.0986,0.9927
65,Mazda (Florida),Mazda,SmallSUV,Florida,379.22,3,5.9381,1.0986,1.0
66,Mazda (Florida),Mazda,SmallSUV,Florida,387.73,2,5.9603,0.6931,0.9927
67,Mazda (Florida),Mazda,SmallSUV,Florida,396.81,3,5.9835,1.0986,0.9709
68,Mazda (Florida),Mazda,SmallSUV,Florida,367.58,3,5.9069,1.0986,0.935
69,Mazda (Florida),Mazda,SmallSUV,Florida,371.82,5,5.9184,1.6094,0.8855
70,Mazda (Florida),Mazda,SmallSUV,Florida,385.75,3,5.9552,1.0986,0.823
71,Mazda (Florida),Mazda,SmallSUV,Florida,393.04,3,5.9739,1.0986,0.7485
72,Mazda (Florida),Mazda,SmallSUV,Florida,405.66,3,6.0055,1.0986,0.6631
73,Mazda (Florida),Mazda,SmallSUV,Florida,378.15,4,5.9353,1.3863,0.5681
74,Mazda (Florida),Mazda,SmallSUV,Florida,384.46,3,5.9518,1.0986,0.4647
75,Mazda (Florida),Mazda,SmallSUV,Florida,378.69,3,5.9367,1.0986,0.3546
76,Mazda (Florida),Mazda,SmallSUV,Florida,369.66,2,5.9126,0.6931,0.2393
77,Mazda (Florida),Mazda,SmallSUV,Florida,386.1,3,5.9561,1.0986,0.1205
78,Mazda (Florida),Mazda,SmallSUV,Florida,415.74,2,6.0301,0.6931,0.0
79,Mazda (Florida),Mazda,SmallSUV,Florida,454.77,2,6.1198,0.6931,-0.1205
80,Mazda (Florida),Mazda,SmallSUV,Florida,485.67,2,6.1855,0.6931,-0.2393
81,Mazda (Florida),Mazda,SmallSUV,Florida,483.01,1,6.18,0.0,-0.3546
82,Mazda (Florida),Mazda,SmallSUV,Florida,491.6,2,6.1977,0.6931,-0.4647
83,Mazda (Florida),Mazda,SmallSUV,Florida,510.82,2,6.236,0.6931,-0.5681
84,Mazda (Florida),Mazda,SmallSUV,Florida,513.92,2,6.2421,0.6931,-0.6631
85,Mazda (Florida),Mazda,SmallSUV,Florida,517.29,2,6.2486,0.6931,-0.7485
86,Mazda (Florida),Mazda,SmallSUV,Florida,539.04,2,6.2898,0.6931,-0.823
87,Mazda (Florida),Mazda,SmallSUV,Florida,537.45,2,6.2868,0.6931,-0.8855
88,Mazda (Florida),Mazda,SmallSUV,Florida,518.2,2,6.2504,0.6931,-0.935
89,Mazda (Florida),Mazda,SmallSUV,Florida,507.58,2,6.2296,0.6931,-0.9709
90,Mazda (Florida),Mazda,SmallSUV,Florida,523.92,2,6.2613,0.6931,-0.9927
91,Mazda (Florida),Mazda,SmallSUV,Florida,524.0,2,6.2615,0.6931,-1.0
92,Mazda (Florida),Mazda,SmallSUV,Florida,532.99,2,6.2785,0.6931,-0.9927
93,Mazda (Florida),Mazda,SmallSUV,Florida,551.15,1,6.312,0.0,-0.9709
94,Mazda (Florida),Mazda,SmallSUV,Florida,540.92,1,6.2933,0.0,-0.935
95,Mazda (Florida),Mazda,SmallSUV,Florida,561.76,1,6.3311,0.0,-0.8855
96,Mazda (Florida),Mazda,SmallSUV,Florida,572.5,1,6.35,0.0,-0.823
97,Mazda (Florida),Mazda,SmallSUV,Florida,538.23,2,6.2883,0.6931,-0.7485
98,Mazda (Florida),Mazda,SmallSUV,Florida,578.47,1,6.3604,0.0,-0.6631
99,Mazda (Florida),Mazda,SmallSUV,Florida,564.17,1,6.3354,0.0,-0.5681
100,Mazda (Florida),Mazda,SmallSUV,Florida,519.36,2,6.2526,0.6931,-0.4647
101,Mazda (Florida),Mazda,SmallSUV,Florida,492.92,2,6.2003,0.6931,-0.3546
102,Mazda (Florida),Mazda,SmallSUV,Florida,468.39,2,6.1493,0.6931,-0.2393
103,Mazda (Florida),Mazda,SmallSUV,Florida,469.61,2,6.1519,0.6931,-0.1205
0,Mazda (NewYork),Mazda,SmallSUV,NewYork,277.83,22,5.627,3.091,0.0
1,Mazda (NewYork),Mazda,SmallSUV,NewYork,286.57,27,5.658,3.2958,0.1205
2,Mazda (NewYork),Mazda,SmallSUV,NewYork,291.48,23,5.675,3.1355,0.2393
3,Mazda (NewYork),Mazda,SmallSUV,NewYork,296.12,20,5.6908,2.9957,0.3546
4,Mazda (NewYork),Mazda,SmallSUV,NewYork,302.26,27,5.7113,3.2958,0.4647
5,Mazda (NewYork),Mazda,SmallSUV,NewYork,311.71,22,5.7421,3.091,0.5681
6,Mazda (NewYork),Mazda,SmallSUV,NewYork,280.53,25,5.6367,3.2189,0.6631
7,Mazda (NewYork),Mazda,SmallSUV,NewYork,275.46,27,5.6185,3.2958,0.7485
8,Mazda (NewYork),Mazda,SmallSUV,NewYork,247.01,35,5.5094,3.5553,0.823
9,Mazda (NewYork),Mazda,SmallSUV,NewYork,247.46,31,5.5113,3.434,0.8855
10,Mazda (NewYork),Mazda,SmallSUV,NewYork,247.4,27,5.511,3.2958,0.935
11,Mazda (NewYork),Mazda,SmallSUV,NewYork,260.68,32,5.5633,3.4657,0.9709
12,Mazda (NewYork),Mazda,SmallSUV,NewYork,276.63,27,5.6227,3.2958,0.9927
13,Mazda (NewYork),Mazda,SmallSUV,NewYork,279.45,36,5.6328,3.5835,1.0
14,Mazda (NewYork),Mazda,SmallSUV,NewYork,272.54,29,5.6078,3.3673,0.9927
15,Mazda (NewYork),Mazda,SmallSUV,NewYork,279.24,21,5.6321,3.0445,0.9709
16,Mazda (NewYork),Mazda,SmallSUV,NewYork,271.96,30,5.6057,3.4012,0.935
17,Mazda (NewYork),Mazda,SmallSUV,NewYork,271.94,36,5.6056,3.5835,0.8855
18,Mazda (NewYork),Mazda,SmallSUV,NewYork,285.69,32,5.6549,3.4657,0.823
19,Mazda (NewYork),Mazda,SmallSUV,NewYork,277.83,33,5.627,3.4965,0.7485
20,Mazda (NewYork),Mazda,SmallSUV,NewYork,289.25,22,5.6673,3.091,0.6631
21,Mazda (NewYork),Mazda,SmallSUV,NewYork,299.22,26,5.7012,3.2581,0.5681
22,Mazda (NewYork),Mazda,SmallSUV,NewYork,285.27,22,5.6534,3.091,0.4647
23,Mazda (NewYork),Mazda,SmallSUV,NewYork,299.5,24,5.7021,3.1781,0.3546
24,Mazda (NewYork),Mazda,SmallSUV,NewYork,310.15,19,5.737,2.9444,0.2393
25,Mazda (NewYork),Mazda,SmallSUV,NewYork,311.73,20,5.7421,2.9957,0.1205
26,Mazda (NewYork),Mazda,SmallSUV,NewYork,300.07,20,5.704,2.9957,-0.0
27,Mazda (NewYork),Mazda,SmallSUV,NewYork,287.46,24,5.6611,3.1781,-0.1205
28,Mazda (NewYork),Mazda,SmallSUV,NewYork,279.83,24,5.6342,3.1781,-0.2393
29,Mazda (NewYork),Mazda,SmallSUV,NewYork,287.53,22,5.6613,3.091,-0.3546
30,Mazda (NewYork),Mazda,SmallSUV,NewYork,274.11,19,5.6135,2.9444,-0.4647
31,Mazda (NewYork),Mazda,SmallSUV,NewYork,280.17,21,5.6354,3.0445,-0.5681
32,Mazda (NewYork),Mazda,SmallSUV,NewYork,263.31,21,5.5733,3.0445,-0.6631
33,Mazda (NewYork),Mazda,SmallSUV,NewYork,260.63,26,5.5631,3.2581,-0.7485
34,Mazda (NewYork),Mazda,SmallSUV,NewYork,262.07,27,5.5686,3.2958,-0.823
35,Mazda (NewYork),Mazda,SmallSUV,NewYork,296.15,23,5.6909,3.1355,-0.8855
36,Mazda (NewYork),Mazda,SmallSUV,NewYork,276.44,20,5.622,2.9957,-0.935
37,Mazda (NewYork),Mazda,SmallSUV,NewYork,297.55,14,5.6956,2.6391,-0.9709
38,Mazda (NewYork),Mazda,SmallSUV,NewYork,299.79,16,5.7031,2.7726,-0.9927
39,Mazda (NewYork),Mazda,SmallSUV,NewYork,306.02,24,5.7236,3.1781,-1.0
40,Mazda (NewYork),Mazda,SmallSUV,NewYork,307.83,19,5.7296,2.9444,-0.9927
41,Mazda (NewYork),Mazda,SmallSUV,NewYork,314.76,18,5.7518,2.8904,-0.9709
42,Mazda (NewYork),Mazda,SmallSUV,NewYork,312.35,25,5.7441,3.2189,-0.935
43,Mazda (NewYork),Mazda,SmallSUV,NewYork,335.9,22,5.8168,3.091,-0.8855
44,Mazda (NewYork),Mazda,SmallSUV,NewYork,328.32,20,5.794,2.9957,-0.823
45,Mazda (NewYork),Mazda,SmallSUV,NewYork,347.44,18,5.8506,2.8904,-0.7485
46,Mazda (NewYork),Mazda,SmallSUV,NewYork,336.43,19,5.8184,2.9444,-0.6631
47,Mazda (NewYork),Mazda,SmallSUV,NewYork,335.42,21,5.8154,3.0445,-0.5681
48,Mazda (NewYork),Mazda,SmallSUV,NewYork,317.91,26,5.7618,3.2581,-0.4647
49,Mazda (NewYork),Mazda,SmallSUV,NewYork,325.23,23,5.7845,3.1355,-0.3546
50,Mazda (NewYork),Mazda,SmallSUV,NewYork,349.6,22,5.8568,3.091,-0.2393
51,Mazda (NewYork),Mazda,SmallSUV,NewYork,348.25,24,5.8529,3.1781,-0.1205
52,Mazda (NewYork),Mazda,SmallSUV,NewYork,344.84,19,5.8431,2.9444,0.0
53,Mazda (NewYork),Mazda,SmallSUV,NewYork,326.14,25,5.7873,3.2189,0.1205
54,Mazda (NewYork),Mazda,SmallSUV,NewYork,322.43,22,5.7759,3.091,0.2393
55,Mazda (NewYork),Mazda,SmallSUV,NewYork,297.74,19,5.6962,2.9444,0.3546
56,Mazda (NewYork),Mazda,SmallSUV,NewYork,284.46,21,5.6506,3.0445,0.4647
57,Mazda (NewYork),Mazda,SmallSUV,NewYork,287.7,24,5.6619,3.1781,0.5681
58,Mazda (NewYork),Mazda,SmallSUV,NewYork,307.32,27,5.7279,3.2958,0.6631
59,Mazda (NewYork),Mazda,SmallSUV,NewYork,353.66,22,5.8683,3.091,0.7485
60,Mazda (NewYork),Mazda,SmallSUV,NewYork,343.44,24,5.839,3.1781,0.823
61,Mazda (NewYork),Mazda,SmallSUV,NewYork,368.99,28,5.9108,3.3322,0.8855
62,Mazda (NewYork),Mazda,SmallSUV,NewYork,373.52,19,5.923,2.9444,0.935
63,Mazda (NewYork),Mazda,SmallSUV,NewYork,370.7,22,5.9154,3.091,0.9709
64,Mazda (NewYork),Mazda,SmallSUV,NewYork,378.81,22,5.937,3.091,0.9927
65,Mazda (NewYork),Mazda,SmallSUV,NewYork,379.98,19,5.9401,2.9444,1.0
66,Mazda (NewYork),Mazda,SmallSUV,NewYork,382.09,21,5.9456,3.0445,0.9927
67,Mazda (NewYork),Mazda,SmallSUV,NewYork,374.36,17,5.9252,2.8332,0.9709
68,Mazda (NewYork),Mazda,SmallSUV,NewYork,349.09,26,5.8553,3.2581,0.935
69,Mazda (NewYork),Mazda,SmallSUV,NewYork,323.16,22,5.7781,3.091,0.8855
70,Mazda (NewYork),Mazda,SmallSUV,NewYork,333.89,28,5.8108,3.3322,0.823
71,Mazda (NewYork),Mazda,SmallSUV,NewYork,329.3,22,5.797,3.091,0.7485
72,Mazda (NewYork),Mazda,SmallSUV,NewYork,319.63,26,5.7672,3.2581,0.6631
73,Mazda (NewYork),Mazda,SmallSUV,NewYork,319.77,22,5.7676,3.091,0.5681
74,Mazda (NewYork),Mazda,SmallSUV,NewYork,332.73,21,5.8073,3.0445,0.4647
75,Mazda (NewYork),Mazda,SmallSUV,NewYork,335.75,19,5.8164,2.9444,0.3546
76,Mazda (NewYork),Mazda,SmallSUV,NewYork,324.91,20,5.7836,2.9957,0.2393
77,Mazda (NewYork),Mazda,SmallSUV,NewYork,345.46,19,5.8449,2.9444,0.1205
78,Mazda (NewYork),Mazda,SmallSUV,NewYork,373.84,15,5.9238,2.7081,0.0
79,Mazda (NewYork),Mazda,SmallSUV,NewYork,383.2,16,5.9486,2.7726,-0.1205
80,Mazda (NewYork),Mazda,SmallSUV,NewYork,402.32,13,5.9972,2.5649,-0.2393
81,Mazda (NewYork),Mazda,SmallSUV,NewYork,428.09,17,6.0593,2.8332,-0.3546
82,Mazda (NewYork),Mazda,SmallSUV,NewYork,452.98,12,6.1158,2.4849,-0.4647
83,Mazda (NewYork),Mazda,SmallSUV,NewYork,467.1,13,6.1465,2.5649,-0.5681
84,Mazda (NewYork),Mazda,SmallSUV,NewYork,481.29,10,6.1765,2.3026,-0.6631
85,Mazda (NewYork),Mazda,SmallSUV,NewYork,493.96,10,6.2024,2.3026,-0.7485
86,Mazda (NewYork),Mazda,SmallSUV,NewYork,467.58,9,6.1476,2.1972,-0.823
87,Mazda (NewYork),Mazda,SmallSUV,NewYork,484.26,10,6.1826,2.3026,-0.8855
88,Mazda (NewYork),Mazda,SmallSUV,NewYork,452.52,11,6.1148,2.3979,-0.935
89,Mazda (NewYork),Mazda,SmallSUV,NewYork,434.89,14,6.0751,2.6391,-0.9709
90,Mazda (NewYork),Mazda,SmallSUV,NewYork,464.18,11,6.1403,2.3979,-0.9927
91,Mazda (NewYork),Mazda,SmallSUV,NewYork,484.1,12,6.1823,2.4849,-1.0
92,Mazda (NewYork),Mazda,SmallSUV,NewYork,521.47,10,6.2567,2.3026,-0.9927
93,Mazda (NewYork),Mazda,SmallSUV,NewYork,514.44,11,6.2431,2.3979,-0.9709
94,Mazda (NewYork),Mazda,SmallSUV,NewYork,485.63,10,6.1855,2.3026,-0.935
95,Mazda (NewYork),Mazda,SmallSUV,NewYork,479.83,14,6.1734,2.6391,-0.8855
96,Mazda (NewYork),Mazda,SmallSUV,NewYork,482.29,10,6.1785,2.3026,-0.823
97,Mazda (NewYork),Mazda,SmallSUV,NewYork,484.19,10,6.1825,2.3026,-0.7485
98,Mazda (NewYork),Mazda,SmallSUV,NewYork,512.43,9,6.2392,2.1972,-0.6631
99,Mazda (NewYork),Mazda,SmallSUV,NewYork,503.26,14,6.2211,2.6391,-0.5681
100,Mazda (NewYork),Mazda,SmallSUV,NewYork,512.2,11,6.2387,2.3979,-0.4647
101,Mazda (NewYork),Mazda,SmallSUV,NewYork,487.49,10,6.1893,2.3026,-0.3546
102,Mazda (NewYork),Mazda,SmallSUV,NewYork,498.59,12,6.2118,2.4849,-0.2393
103,Mazda (NewYork),Mazda,SmallSUV,NewYork,498.67,12,6.2119,2.4849,-0.1205
0,Chevrolet (Florida),Chevrolet,SmallSUV,Florida,327.02,20,5.79,2.9957,0.0
1,Chevrolet (Florida),Chevrolet,SmallSUV,Florida,324.02,14,5.7808,2.6391,0.1205
2,Chevrolet (Florida),Chevrolet,SmallSUV,Florida,319.67,17,5.7673,2.8332,0.2393
3,Chevrolet (Florida),Chevrolet,SmallSUV,Florida,349.28,15,5.8559,2.7081,0.3546
4,Chevrolet (Florida),Chevrolet,SmallSUV,Florida,347.56,13,5.8509,2.5649,0.4647
5,Chevrolet (Florida),Chevrolet,SmallSUV,Florida,343.35,20,5.8387,2.9957,0.5681
6,Chevrolet (Florida),Chevrolet,SmallSUV,Florida,309.16,19,5.7339,2.9444,0.6631
7,Chevrolet (Florida),Chevrolet,SmallSUV,Florida,295.65,23,5.6892,3.1355,0.7485
8,Chevrolet (Florida),Chevrolet,SmallSUV,Florida,291.78,28,5.676,3.3322,0.823
9,Chevrolet (Florida),Chevrolet,SmallSUV,Florida,281.95,21,5.6417,3.0445,0.8855
10,Chevrolet (Florida),Chevrolet,SmallSUV,Florida,302.11,19,5.7108,2.9444,0.935
11,Chevrolet (Florida),Chevrolet,SmallSUV,Florida,299.63,21,5.7026,3.0445,0.9709
12,Chevrolet (Florida),Chevrolet,SmallSUV,Florida,319.57,22,5.767,3.091,0.9927
13,Chevrolet (Florida),Chevrolet,SmallSUV,Florida,320.56,18,5.7701,2.8904,1.0
14,Chevrolet (Florida),Chevrolet,SmallSUV,Florida,321.15,18,5.7719,2.8904,0.9927
15,Chevrolet (Florida),Chevrolet,SmallSUV,Florida,319.73,22,5.7675,3.091,0.9709
16,Chevrolet (Florida),Chevrolet,SmallSUV,Florida,319.79,20,5.7677,2.9957,0.935
17,Chevrolet (Florida),Chevrolet,SmallSUV,Florida,348.49,13,5.8536,2.5649,0.8855
18,Chevrolet (Florida),Chevrolet,SmallSUV,Florida,310.33,17,5.7376,2.8332,0.823
19,Chevrolet (Florida),Chevrolet,SmallSUV,Florida,280.77,26,5.6376,3.2581,0.7485
20,Chevrolet (Florida),Chevrolet,SmallSUV,Florida,273.25,23,5.6104,3.1355,0.6631
21,Chevrolet (Florida),Chevrolet,SmallSUV,Florida,273.45,20,5.6111,2.9957,0.5681
22,Chevrolet (Florida),Chevrolet,SmallSUV,Florida,283.05,21,5.6456,3.0445,0.4647
23,Chevrolet (Florida),Chevrolet,SmallSUV,Florida,289.83,20,5.6693,2.9957,0.3546
24,Chevrolet (Florida),Chevrolet,SmallSUV,Florida,284.31,22,5.6501,3.091,0.2393
25,Chevrolet (Florida),Chevrolet,SmallSUV,Florida,299.17,16,5.701,2.7726,0.1205
26,Chevrolet (Florida),Chevrolet,SmallSUV,Florida,314.99,16,5.7525,2.7726,-0.0
27,Chevrolet (Florida),Chevrolet,SmallSUV,Florida,317.9,18,5.7617,2.8904,-0.1205
28,Chevrolet (Florida),Chevrolet,SmallSUV,Florida,333.57,16,5.8099,2.7726,-0.2393
29,Chevrolet (Florida),Chevrolet,SmallSUV,Florida,338.15,17,5.8235,2.8332,-0.3546
30,Chevrolet (Florida),Chevrolet,SmallSUV,Florida,328.79,14,5.7954,2.6391,-0.4647
31,Chevrolet (Florida),Chevrolet,SmallSUV,Florida,340.47,16,5.8303,2.7726,-0.5681
32,Chevrolet (Florida),Chevrolet,SmallSUV,Florida,342.35,17,5.8358,2.8332,-0.6631
33,Chevrolet (Florida),Chevrolet,SmallSUV,Florida,342.38,16,5.8359,2.7726,-0.7485
34,Chevrolet (Florida),Chevrolet,SmallSUV,Florida,368.54,14,5.9096,2.6391,-0.823
35,Chevrolet (Florida),Chevrolet,SmallSUV,Florida,326.04,15,5.787,2.7081,-0.8855
36,Chevrolet (Florida),Chevrolet,SmallSUV,Florida,303.73,13,5.7161,2.5649,-0.935
37,Chevrolet (Florida),Chevrolet,SmallSUV,Florida,286.23,15,5.6568,2.7081,-0.9709
38,Chevrolet (Florida),Chevrolet,SmallSUV,Florida,281.07,19,5.6386,2.9444,-0.9927
39,Chevrolet (Florida),Chevrolet,SmallSUV,Florida,277.52,16,5.6259,2.7726,-1.0
40,Chevrolet (Florida),Chevrolet,SmallSUV,Florida,257.37,15,5.5505,2.7081,-0.9927
41,Chevrolet (Florida),Chevrolet,SmallSUV,Florida,245.0,17,5.5013,2.8332,-0.9709
42,Chevrolet (Florida),Chevrolet,SmallSUV,Florida,234.68,20,5.4582,2.9957,-0.935
43,Chevrolet (Florida),Chevrolet,SmallSUV,Florida,265.36,16,5.5811,2.7726,-0.8855
44,Chevrolet (Florida),Chevrolet,SmallSUV,Florida,290.38,17,5.6712,2.8332,-0.823
45,Chevrolet (Florida),Chevrolet,SmallSUV,Florida,284.46,18,5.6506,2.8904,-0.7485
46,Chevrolet (Florida),Chevrolet,SmallSUV,Florida,279.33,19,5.6324,2.9444,-0.6631
47,Chevrolet (Florida),Chevrolet,SmallSUV,Florida,263.74,23,5.575,3.1355,-0.5681
48,Chevrolet (Florida),Chevrolet,SmallSUV,Florida,239.74,24,5.4795,3.1781,-0.4647
49,Chevrolet (Florida),Chevrolet,SmallSUV,Florida,238.34,19,5.4737,2.9444,-0.3546
50,Chevrolet (Florida),Chevrolet,SmallSUV,Florida,226.74,21,5.4238,3.0445,-0.2393
51,Chevrolet (Florida),Chevrolet,SmallSUV,Florida,225.78,24,5.4196,3.1781,-0.1205
52,Chevrolet (Florida),Chevrolet,SmallSUV,Florida,208.42,25,5.3396,3.2189,0.0
53,Chevrolet (Florida),Chevrolet,SmallSUV,Florida,200.63,24,5.3015,3.1781,0.1205
54,Chevrolet (Florida),Chevrolet,SmallSUV,Florida,202.13,27,5.3089,3.2958,0.2393
55,Chevrolet (Florida),Chevrolet,SmallSUV,Florida,205.86,27,5.3272,3.2958,0.3546
56,Chevrolet (Florida),Chevrolet,SmallSUV,Florida,210.2,26,5.3481,3.2581,0.4647
57,Chevrolet (Florida),Chevrolet,SmallSUV,Florida,196.77,30,5.282,3.4012,0.5681
58,Chevrolet (Florida),Chevrolet,SmallSUV,Florida,205.36,35,5.3248,3.5553,0.6631
59,Chevrolet (Florida),Chevrolet,SmallSUV,Florida,197.31,33,5.2848,3.4965,0.7485
60,Chevrolet (Florida),Chevrolet,SmallSUV,Florida,203.65,44,5.3164,3.7842,0.823
61,Chevrolet (Florida),Chevrolet,SmallSUV,Florida,203.54,33,5.3159,3.4965,0.8855
62,Chevrolet (Florida),Chevrolet,SmallSUV,Florida,190.01,33,5.2471,3.4965,0.935
63,Chevrolet (Florida),Chevrolet,SmallSUV,Florida,187.03,35,5.2313,3.5553,0.9709
64,Chevrolet (Florida),Chevrolet,SmallSUV,Florida,190.47,35,5.2495,3.5553,0.9927
65,Chevrolet (Florida),Chevrolet,SmallSUV,Florida,196.4,34,5.2802,3.5264,1.0
66,Chevrolet (Florida),Chevrolet,SmallSUV,Florida,195.02,43,5.2731,3.7612,0.9927
67,Chevrolet (Florida),Chevrolet,SmallSUV,Florida,210.55,28,5.3497,3.3322,0.9709
68,Chevrolet (Florida),Chevrolet,SmallSUV,Florida,221.42,32,5.4001,3.4657,0.935
69,Chevrolet (Florida),Chevrolet,SmallSUV,Florida,218.6,30,5.3873,3.4012,0.8855
70,Chevrolet (Florida),Chevrolet,SmallSUV,Florida,226.96,24,5.4248,3.1781,0.823
71,Chevrolet (Florida),Chevrolet,SmallSUV,Florida,250.0,28,5.5214,3.3322,0.7485
72,Chevrolet (Florida),Chevrolet,SmallSUV,Florida,275.74,27,5.6195,3.2958,0.6631
73,Chevrolet (Florida),Chevrolet,SmallSUV,Florida,259.32,21,5.5581,3.0445,0.5681
74,Chevrolet (Florida),Chevrolet,SmallSUV,Florida,247.58,25,5.5117,3.2189,0.4647
75,Chevrolet (Florida),Chevrolet,SmallSUV,Florida,266.66,18,5.586,2.8904,0.3546
76,Chevrolet (Florida),Chevrolet,SmallSUV,Florida,252.92,20,5.5331,2.9957,0.2393
77,Chevrolet (Florida),Chevrolet,SmallSUV,Florida,236.74,28,5.4669,3.3322,0.1205
78,Chevrolet (Florida),Chevrolet,SmallSUV,Florida,231.05,24,5.4426,3.1781,0.0
79,Chevrolet (Florida),Chevrolet,SmallSUV,Florida,235.96,22,5.4637,3.091,-0.1205
80,Chevrolet (Florida),Chevrolet,SmallSUV,Florida,234.75,26,5.4585,3.2581,-0.2393
81,Chevrolet (Florida),Chevrolet,SmallSUV,Florida,227.24,24,5.426,3.1781,-0.3546
82,Chevrolet (Florida),Chevrolet,SmallSUV,Florida,219.71,25,5.3923,3.2189,-0.4647
83,Chevrolet (Florida),Chevrolet,SmallSUV,Florida,212.02,30,5.3567,3.4012,-0.5681
84,Chevrolet (Florida),Chevrolet,SmallSUV,Florida,202.9,25,5.3127,3.2189,-0.6631
85,Chevrolet (Florida),Chevrolet,SmallSUV,Florida,227.42,22,5.4268,3.091,-0.7485
86,Chevrolet (Florida),Chevrolet,SmallSUV,Florida,230.82,25,5.4417,3.2189,-0.823
87,Chevrolet (Florida),Chevrolet,SmallSUV,Florida,241.29,26,5.486,3.2581,-0.8855
88,Chevrolet (Florida),Chevrolet,SmallSUV,Florida,235.46,26,5.4615,3.2581,-0.935
89,Chevrolet (Florida),Chevrolet,SmallSUV,Florida,233.28,21,5.4522,3.0445,-0.9709
90,Chevrolet (Florida),Chevrolet,SmallSUV,Florida,225.1,27,5.4166,3.2958,-0.9927
91,Chevrolet (Florida),Chevrolet,SmallSUV,Florida,197.15,24,5.284,3.1781,-1.0
92,Chevrolet (Florida),Chevrolet,SmallSUV,Florida,184.03,36,5.2151,3.5835,-0.9927
93,Chevrolet (Florida),Chevrolet,SmallSUV,Florida,168.1,28,5.1245,3.3322,-0.9709
94,Chevrolet (Florida),Chevrolet,SmallSUV,Florida,150.21,43,5.0121,3.7612,-0.935
95,Chevrolet (Florida),Chevrolet,SmallSUV,Florida,141.5,37,4.9523,3.6109,-0.8855
96,Chevrolet (Florida),Chevrolet,SmallSUV,Florida,151.19,49,5.0185,3.8918,-0.823
97,Chevrolet (Florida),Chevrolet,SmallSUV,Florida,150.85,41,5.0163,3.7136,-0.7485
98,Chevrolet (Florida),Chevrolet,SmallSUV,Florida,160.91,32,5.0808,3.4657,-0.6631
99,Chevrolet (Florida),Chevrolet,SmallSUV,Florida,164.25,34,5.1014,3.5264,-0.5681
100,Chevrolet (Florida),Chevrolet,SmallSUV,Florida,170.81,38,5.1405,3.6376,-0.4647
101,Chevrolet (Florida),Chevrolet,SmallSUV,Florida,163.28,41,5.0955,3.7136,-0.3546
102,Chevrolet (Florida),Chevrolet,SmallSUV,Florida,167.62,36,5.1217,3.5835,-0.2393
103,Chevrolet (Florida),Chevrolet,SmallSUV,Florida,173.84,35,5.1581,3.5553,-0.1205
0,Chevrolet (NewYork),Chevrolet,SmallSUV,NewYork,498.34,62,6.2113,4.1271,0.0
1,Chevrolet (NewYork),Chevrolet,SmallSUV,NewYork,512.65,57,6.2396,4.0431,0.1205
2,Chevrolet (NewYork),Chevrolet,SmallSUV,NewYork,498.76,51,6.2121,3.9318,0.2393
3,Chevrolet (NewYork),Chevrolet,SmallSUV,NewYork,471.53,58,6.156,4.0604,0.3546
4,Chevrolet (NewYork),Chevrolet,SmallSUV,NewYork,444.42,71,6.0968,4.2627,0.4647
5,Chevrolet (NewYork),Chevrolet,SmallSUV,NewYork,446.35,81,6.1011,4.3944,0.5681
6,Chevrolet (NewYork),Chevrolet,SmallSUV,NewYork,453.71,83,6.1175,4.4188,0.6631
7,Chevrolet (NewYork),Chevrolet,SmallSUV,NewYork,436.08,78,6.0778,4.3567,0.7485
8,Chevrolet (NewYork),Chevrolet,SmallSUV,NewYork,436.66,72,6.0792,4.2767,0.823
9,Chevrolet (NewYork),Chevrolet,SmallSUV,NewYork,449.3,75,6.1077,4.3175,0.8855
10,Chevrolet (NewYork),Chevrolet,SmallSUV,NewYork,463.4,62,6.1386,4.1271,0.935
11,Chevrolet (NewYork),Chevrolet,SmallSUV,NewYork,500.79,62,6.2162,4.1271,0.9709
12,Chevrolet (NewYork),Chevrolet,SmallSUV,NewYork,533.81,54,6.28,3.989,0.9927
13,Chevrolet (NewYork),Chevrolet,SmallSUV,NewYork,507.74,55,6.23,4.0073,1.0
14,Chevrolet (NewYork),Chevrolet,SmallSUV,NewYork,552.33,61,6.3141,4.1109,0.9927
15,Chevrolet (NewYork),Chevrolet,SmallSUV,NewYork,537.86,60,6.2876,4.0943,0.9709
16,Chevrolet (NewYork),Chevrolet,SmallSUV,NewYork,566.71,59,6.3398,4.0775,0.935
17,Chevrolet (NewYork),Chevrolet,SmallSUV,NewYork,568.64,58,6.3432,4.0604,0.8855
18,Chevrolet (NewYork),Chevrolet,SmallSUV,NewYork,557.04,57,6.3226,4.0431,0.823
19,Chevrolet (NewYork),Chevrolet,SmallSUV,NewYork,508.9,63,6.2322,4.1431,0.7485
20,Chevrolet (NewYork),Chevrolet,SmallSUV,NewYork,504.55,60,6.2237,4.0943,0.6631
21,Chevrolet (NewYork),Chevrolet,SmallSUV,NewYork,466.71,66,6.1457,4.1897,0.5681
22,Chevrolet (NewYork),Chevrolet,SmallSUV,NewYork,489.83,54,6.1941,3.989,0.4647
23,Chevrolet (NewYork),Chevrolet,SmallSUV,NewYork,528.43,58,6.2699,4.0604,0.3546
24,Chevrolet (NewYork),Chevrolet,SmallSUV,NewYork,507.79,61,6.2301,4.1109,0.2393
25,Chevrolet (NewYork),Chevrolet,SmallSUV,NewYork,515.51,50,6.2452,3.912,0.1205
26,Chevrolet (NewYork),Chevrolet,SmallSUV,NewYork,497.15,55,6.2089,4.0073,-0.0
27,Chevrolet (NewYork),Chevrolet,SmallSUV,NewYork,481.77,50,6.1775,3.912,-0.1205
28,Chevrolet (NewYork),Chevrolet,SmallSUV,NewYork,500.79,48,6.2162,3.8712,-0.2393
29,Chevrolet (NewYork),Chevrolet,SmallSUV,NewYork,499.83,44,6.2143,3.7842,-0.3546
30,Chevrolet (NewYork),Chevrolet,SmallSUV,NewYork,545.25,54,6.3012,3.989,-0.4647
31,Chevrolet (NewYork),Chevrolet,SmallSUV,NewYork,532.26,53,6.2771,3.9703,-0.5681
32,Chevrolet (NewYork),Chevrolet,SmallSUV,NewYork,559.53,46,6.3271,3.8286,-0.6631
33,Chevrolet (NewYork),Chevrolet,SmallSUV,NewYork,562.26,54,6.332,3.989,-0.7485
34,Chevrolet (NewYork),Chevrolet,SmallSUV,NewYork,585.09,40,6.3718,3.6889,-0.823
35,Chevrolet (NewYork),Chevrolet,SmallSUV,NewYork,572.15,62,6.3494,4.1271,-0.8855
36,Chevrolet (NewYork),Chevrolet,SmallSUV,NewYork,570.73,41,6.3469,3.7136,-0.935
37,Chevrolet (NewYork),Chevrolet,SmallSUV,NewYork,567.45,44,6.3411,3.7842,-0.9709
38,Chevrolet (NewYork),Chevrolet,SmallSUV,NewYork,544.22,44,6.2993,3.7842,-0.9927
39,Chevrolet (NewYork),Chevrolet,SmallSUV,NewYork,562.53,47,6.3325,3.8501,-1.0
40,Chevrolet (NewYork),Chevrolet,SmallSUV,NewYork,581.12,48,6.365,3.8712,-0.9927
41,Chevrolet (NewYork),Chevrolet,SmallSUV,NewYork,598.63,42,6.3946,3.7377,-0.9709
42,Chevrolet (NewYork),Chevrolet,SmallSUV,NewYork,646.45,49,6.4715,3.8918,-0.935
43,Chevrolet (NewYork),Chevrolet,SmallSUV,NewYork,695.03,39,6.544,3.6636,-0.8855
44,Chevrolet (NewYork),Chevrolet,SmallSUV,NewYork,682.12,40,6.5252,3.6889,-0.823
45,Chevrolet (NewYork),Chevrolet,SmallSUV,NewYork,694.97,35,6.5439,3.5553,-0.7485
46,Chevrolet (NewYork),Chevrolet,SmallSUV,NewYork,673.63,43,6.5127,3.7612,-0.6631
47,Chevrolet (NewYork),Chevrolet,SmallSUV,NewYork,674.42,41,6.5139,3.7136,-0.5681
48,Chevrolet (NewYork),Chevrolet,SmallSUV,NewYork,654.49,40,6.4839,3.6889,-0.4647
49,Chevrolet (NewYork),Chevrolet,SmallSUV,NewYork,709.72,37,6.5649,3.6109,-0.3546
50,Chevrolet (NewYork),Chevrolet,SmallSUV,NewYork,722.74,56,6.5831,4.0254,-0.2393
51,Chevrolet (NewYork),Chevrolet,SmallSUV,NewYork,714.9,41,6.5721,3.7136,-0.1205
52,Chevrolet (NewYork),Chevrolet,SmallSUV,NewYork,758.87,33,6.6318,3.4965,0.0
53,Chevrolet (NewYork),Chevrolet,SmallSUV,NewYork,680.82,40,6.5233,3.6889,0.1205
54,Chevrolet (NewYork),Chevrolet,SmallSUV,NewYork,615.6,49,6.4226,3.8918,0.2393
55,Chevrolet (NewYork),Chevrolet,SmallSUV,NewYork,640.59,51,6.4624,3.9318,0.3546
56,Chevrolet (NewYork),Chevrolet,SmallSUV,NewYork,642.53,50,6.4654,3.912,0.4647
57,Chevrolet (NewYork),Chevrolet,SmallSUV,NewYork,650.62,52,6.4779,3.9512,0.5681
58,Chevrolet (NewYork),Chevrolet,SmallSUV,NewYork,608.87,48,6.4116,3.8712,0.6631
59,Chevrolet (NewYork),Chevrolet,SmallSUV,NewYork,608.17,57,6.4105,4.0431,0.7485
60,Chevrolet (NewYork),Chevrolet,SmallSUV,NewYork,672.25,45,6.5106,3.8067,0.823
61,Chevrolet (NewYork),Chevrolet,SmallSUV,NewYork,700.53,45,6.5518,3.8067,0.8855
62,Chevrolet (NewYork),Chevrolet,SmallSUV,NewYork,706.5,44,6.5603,3.7842,0.935
63,Chevrolet (NewYork),Chevrolet,SmallSUV,NewYork,691.16,43,6.5384,3.7612,0.9709
64,Chevrolet (NewYork),Chevrolet,SmallSUV,NewYork,677.66,59,6.5186,4.0775,0.9927
65,Chevrolet (NewYork),Chevrolet,SmallSUV,NewYork,609.22,62,6.4122,4.1271,1.0
66,Chevrolet (NewYork),Chevrolet,SmallSUV,NewYork,617.12,63,6.4251,4.1431,0.9927
67,Chevrolet (NewYork),Chevrolet,SmallSUV,NewYork,643.77,53,6.4673,3.9703,0.9709
68,Chevrolet (NewYork),Chevrolet,SmallSUV,NewYork,595.0,61,6.3886,4.1109,0.935
69,Chevrolet (NewYork),Chevrolet,SmallSUV,NewYork,575.64,45,6.3555,3.8067,0.8855
70,Chevrolet (NewYork),Chevrolet,SmallSUV,NewYork,543.27,65,6.2976,4.1744,0.823
71,Chevrolet (NewYork),Chevrolet,SmallSUV,NewYork,517.67,62,6.2493,4.1271,0.7485
72,Chevrolet (NewYork),Chevrolet,SmallSUV,NewYork,519.06,64,6.252,4.1589,0.6631
73,Chevrolet (NewYork),Chevrolet,SmallSUV,NewYork,467.69,68,6.1478,4.2195,0.5681
74,Chevrolet (NewYork),Chevrolet,SmallSUV,NewYork,482.27,55,6.1785,4.0073,0.4647
75,Chevrolet (NewYork),Chevrolet,SmallSUV,NewYork,500.8,49,6.2162,3.8918,0.3546
76,Chevrolet (NewYork),Chevrolet,SmallSUV,NewYork,494.55,53,6.2036,3.9703,0.2393
77,Chevrolet (NewYork),Chevrolet,SmallSUV,NewYork,436.86,69,6.0796,4.2341,0.1205
78,Chevrolet (NewYork),Chevrolet,SmallSUV,NewYork,415.63,75,6.0298,4.3175,0.0
79,Chevrolet (NewYork),Chevrolet,SmallSUV,NewYork,442.06,54,6.0914,3.989,-0.1205
80,Chevrolet (NewYork),Chevrolet,SmallSUV,NewYork,384.73,63,5.9525,4.1431,-0.2393
81,Chevrolet (NewYork),Chevrolet,SmallSUV,NewYork,378.1,66,5.9352,4.1897,-0.3546
82,Chevrolet (NewYork),Chevrolet,SmallSUV,NewYork,356.44,72,5.8762,4.2767,-0.4647
83,Chevrolet (NewYork),Chevrolet,SmallSUV,NewYork,371.07,61,5.9164,4.1109,-0.5681
84,Chevrolet (NewYork),Chevrolet,SmallSUV,NewYork,358.75,62,5.8826,4.1271,-0.6631
85,Chevrolet (NewYork),Chevrolet,SmallSUV,NewYork,366.07,65,5.9028,4.1744,-0.7485
86,Chevrolet (NewYork),Chevrolet,SmallSUV,NewYork,376.57,68,5.9311,4.2195,-0.823
87,Chevrolet (NewYork),Chevrolet,SmallSUV,NewYork,412.78,54,6.0229,3.989,-0.8855
88,Chevrolet (NewYork),Chevrolet,SmallSUV,NewYork,408.61,60,6.0128,4.0943,-0.935
89,Chevrolet (NewYork),Chevrolet,SmallSUV,NewYork,416.37,67,6.0316,4.2047,-0.9709
90,Chevrolet (NewYork),Chevrolet,SmallSUV,NewYork,386.57,55,5.9573,4.0073,-0.9927
91,Chevrolet (NewYork),Chevrolet,SmallSUV,NewYork,410.28,59,6.0168,4.0775,-1.0
92,Chevrolet (NewYork),Chevrolet,SmallSUV,NewYork,394.97,72,5.9788,4.2767,-0.9927
93,Chevrolet (NewYork),Chevrolet,SmallSUV,NewYork,384.05,63,5.9508,4.1431,-0.9709
94,Chevrolet (NewYork),Chevrolet,SmallSUV,NewYork,383.62,61,5.9497,4.1109,-0.935
95,Chevrolet (NewYork),Chevrolet,SmallSUV,NewYork,354.79,82,5.8715,4.4067,-0.8855
96,Chevrolet (NewYork),Chevrolet,SmallSUV,NewYork,358.87,69,5.883,4.2341,-0.823
97,Chevrolet (NewYork),Chevrolet,SmallSUV,NewYork,376.66,80,5.9313,4.382,-0.7485
98,Chevrolet (NewYork),Chevrolet,SmallSUV,NewYork,382.21,74,5.946,4.3041,-0.6631
99,Chevrolet (NewYork),Chevrolet,SmallSUV,NewYork,353.02,73,5.8665,4.2905,-0.5681
100,Chevrolet (NewYork),Chevrolet,SmallSUV,NewYork,350.84,83,5.8603,4.4188,-0.4647
101,Chevrolet (NewYork),Chevrolet,SmallSUV,NewYork,364.11,78,5.8974,4.3567,-0.3546
102,Chevrolet (NewYork),Chevrolet,SmallSUV,NewYork,331.47,95,5.8035,4.5539,-0.2393
103,Chevrolet (NewYork),Chevrolet,SmallSUV,NewYork,314.13,85,5.7498,4.4427,-0.1205
0,Tesla (Florida),Tesla,LargeSUV,Florida,490.78,1,6.196,0.0,0.0
1,Tesla (Florida),Tesla,LargeSUV,Florida,500.99,1,6.2166,0.0,0.1205
2,Tesla (Florida),Tesla,LargeSUV,Florida,549.81,1,6.3096,0.0,0.2393
3,Tesla (Florida),Tesla,LargeSUV,Florida,562.84,1,6.333,0.0,0.3546
4,Tesla (Florida),Tesla,LargeSUV,Florida,581.66,1,6.3659,0.0,0.4647
5,Tesla (Florida),Tesla,LargeSUV,Florida,666.09,1,6.5014,0.0,0.5681
6,Tesla (Florida),Tesla,LargeSUV,Florida,659.01,1,6.4907,0.0,0.6631
7,Tesla (Florida),Tesla,LargeSUV,Florida,633.24,1,6.4508,0.0,0.7485
8,Tesla (Florida),Tesla,LargeSUV,Florida,646.93,1,6.4722,0.0,0.823
9,Tesla (Florida),Tesla,LargeSUV,Florida,661.28,1,6.4942,0.0,0.8855
10,Tesla (Florida),Tesla,LargeSUV,Florida,644.1,1,6.4678,0.0,0.935
11,Tesla (Florida),Tesla,LargeSUV,Florida,611.69,1,6.4162,0.0,0.9709
12,Tesla (Florida),Tesla,LargeSUV,Florida,686.58,1,6.5317,0.0,0.9927
13,Tesla (Florida),Tesla,LargeSUV,Florida,697.89,1,6.5481,0.0,1.0
14,Tesla (Florida),Tesla,LargeSUV,Florida,672.8,1,6.5114,0.0,0.9927
15,Tesla (Florida),Tesla,LargeSUV,Florida,704.33,1,6.5572,0.0,0.9709
16,Tesla (Florida),Tesla,LargeSUV,Florida,700.49,1,6.5518,0.0,0.935
17,Tesla (Florida),Tesla,LargeSUV,Florida,691.69,1,6.5391,0.0,0.8855
18,Tesla (Florida),Tesla,LargeSUV,Florida,711.41,1,6.5673,0.0,0.823
19,Tesla (Florida),Tesla,LargeSUV,Florida,666.91,1,6.5027,0.0,0.7485
20,Tesla (Florida),Tesla,LargeSUV,Florida,678.78,1,6.5203,0.0,0.6631
21,Tesla (Florida),Tesla,LargeSUV,Florida,746.91,1,6.6159,0.0,0.5681
22,Tesla (Florida),Tesla,LargeSUV,Florida,764.52,1,6.6392,0.0,0.4647
23,Tesla (Florida),Tesla,LargeSUV,Florida,750.27,1,6.6204,0.0,0.3546
24,Tesla (Florida),Tesla,LargeSUV,Florida,731.49,1,6.5951,0.0,0.2393
25,Tesla (Florida),Tesla,LargeSUV,Florida,716.63,1,6.5746,0.0,0.1205
26,Tesla (Florida),Tesla,LargeSUV,Florida,707.59,1,6.5619,0.0,-0.0
27,Tesla (Florida),Tesla,LargeSUV,Florida,694.35,1,6.543,0.0,-0.1205
28,Tesla (Florida),Tesla,LargeSUV,Florida,726.9,1,6.5888,0.0,-0.2393
29,Tesla (Florida),Tesla,LargeSUV,Florida,666.56,1,6.5021,0.0,-0.3546
30,Tesla (Florida),Tesla,LargeSUV,Florida,695.92,1,6.5452,0.0,-0.4647
31,Tesla (Florida),Tesla,LargeSUV,Florida,682.83,1,6.5262,0.0,-0.5681
32,Tesla (Florida),Tesla,LargeSUV,Florida,695.82,1,6.5451,0.0,-0.6631
33,Tesla (Florida),Tesla,LargeSUV,Florida,657.7,1,6.4887,0.0,-0.7485
34,Tesla (Florida),Tesla,LargeSUV,Florida,702.87,1,6.5552,0.0,-0.823
35,Tesla (Florida),Tesla,LargeSUV,Florida,748.04,1,6.6175,0.0,-0.8855
36,Tesla (Florida),Tesla,LargeSUV,Florida,784.81,1,6.6654,0.0,-0.935
37,Tesla (Florida),Tesla,LargeSUV,Florida,727.56,1,6.5897,0.0,-0.9709
38,Tesla (Florida),Tesla,LargeSUV,Florida,758.36,1,6.6312,0.0,-0.9927
39,Tesla (Florida),Tesla,LargeSUV,Florida,773.87,1,6.6514,0.0,-1.0
40,Tesla (Florida),Tesla,LargeSUV,Florida,714.18,1,6.5711,0.0,-0.9927
41,Tesla (Florida),Tesla,LargeSUV,Florida,713.31,1,6.5699,0.0,-0.9709
42,Tesla (Florida),Tesla,LargeSUV,Florida,726.43,1,6.5881,0.0,-0.935
43,Tesla (Florida),Tesla,LargeSUV,Florida,746.92,1,6.616,0.0,-0.8855
44,Tesla (Florida),Tesla,LargeSUV,Florida,753.57,1,6.6248,0.0,-0.823
45,Tesla (Florida),Tesla,LargeSUV,Florida,764.62,1,6.6394,0.0,-0.7485
46,Tesla (Florida),Tesla,LargeSUV,Florida,823.08,1,6.7131,0.0,-0.6631
47,Tesla (Florida),Tesla,LargeSUV,Florida,875.12,1,6.7744,0.0,-0.5681
48,Tesla (Florida),Tesla,LargeSUV,Florida,758.25,1,6.631,0.0,-0.4647
49,Tesla (Florida),Tesla,LargeSUV,Florida,746.31,1,6.6151,0.0,-0.3546
50,Tesla (Florida),Tesla,LargeSUV,Florida,740.19,1,6.6069,0.0,-0.2393
51,Tesla (Florida),Tesla,LargeSUV,Florida,678.1,1,6.5193,0.0,-0.1205
52,Tesla (Florida),Tesla,LargeSUV,Florida,681.3,1,6.524,0.0,0.0
53,Tesla (Florida),Tesla,LargeSUV,Florida,725.2,1,6.5864,0.0,0.1205
54,Tesla (Florida),Tesla,LargeSUV,Florida,686.85,1,6.5321,0.0,0.2393
55,Tesla (Florida),Tesla,LargeSUV,Florida,698.5,1,6.5489,0.0,0.3546
56,Tesla (Florida),Tesla,LargeSUV,Florida,667.24,1,6.5031,0.0,0.4647
57,Tesla (Florida),Tesla,LargeSUV,Florida,645.19,1,6.4695,0.0,0.5681
58,Tesla (Florida),Tesla,LargeSUV,Florida,694.66,1,6.5434,0.0,0.6631
59,Tesla (Florida),Tesla,LargeSUV,Florida,676.07,1,6.5163,0.0,0.7485
60,Tesla (Florida),Tesla,LargeSUV,Florida,691.87,1,6.5394,0.0,0.823
61,Tesla (Florida),Tesla,LargeSUV,Florida,630.08,1,6.4458,0.0,0.8855
62,Tesla (Florida),Tesla,LargeSUV,Florida,691.56,1,6.539,0.0,0.935
63,Tesla (Florida),Tesla,LargeSUV,Florida,712.72,1,6.5691,0.0,0.9709
64,Tesla (Florida),Tesla,LargeSUV,Florida,706.25,1,6.56,0.0,0.9927
65,Tesla (Florida),Tesla,LargeSUV,Florida,726.87,1,6.5887,0.0,1.0
66,Tesla (Florida),Tesla,LargeSUV,Florida,677.39,1,6.5183,0.0,0.9927
67,Tesla (Florida),Tesla,LargeSUV,Florida,718.65,1,6.5774,0.0,0.9709
68,Tesla (Florida),Tesla,LargeSUV,Florida,707.1,1,6.5612,0.0,0.935
69,Tesla (Florida),Tesla,LargeSUV,Florida,699.93,1,6.551,0.0,0.8855
70,Tesla (Florida),Tesla,LargeSUV,Florida,682.93,1,6.5264,0.0,0.823
71,Tesla (Florida),Tesla,LargeSUV,Florida,663.39,1,6.4974,0.0,0.7485
72,Tesla (Florida),Tesla,LargeSUV,Florida,686.83,1,6.5321,0.0,0.6631
73,Tesla (Florida),Tesla,LargeSUV,Florida,695.68,1,6.5449,0.0,0.5681
74,Tesla (Florida),Tesla,LargeSUV,Florida,718.72,1,6.5775,0.0,0.4647
75,Tesla (Florida),Tesla,LargeSUV,Florida,718.41,1,6.577,0.0,0.3546
76,Tesla (Florida),Tesla,LargeSUV,Florida,737.08,1,6.6027,0.0,0.2393
77,Tesla (Florida),Tesla,LargeSUV,Florida,721.8,1,6.5818,0.0,0.1205
78,Tesla (Florida),Tesla,LargeSUV,Florida,806.93,1,6.6932,0.0,0.0
79,Tesla (Florida),Tesla,LargeSUV,Florida,746.09,1,6.6148,0.0,-0.1205
80,Tesla (Florida),Tesla,LargeSUV,Florida,794.64,1,6.6779,0.0,-0.2393
81,Tesla (Florida),Tesla,LargeSUV,Florida,850.89,1,6.7463,0.0,-0.3546
82,Tesla (Florida),Tesla,LargeSUV,Florida,815.4,1,6.7037,0.0,-0.4647
83,Tesla (Florida),Tesla,LargeSUV,Florida,911.55,1,6.8151,0.0,-0.5681
84,Tesla (Florida),Tesla,LargeSUV,Florida,958.07,1,6.8649,0.0,-0.6631
85,Tesla (Florida),Tesla,LargeSUV,Florida,1005.73,1,6.9135,0.0,-0.7485
86,Tesla (Florida),Tesla,LargeSUV,Florida,1007.14,1,6.9149,0.0,-0.823
87,Tesla (Florida),Tesla,LargeSUV,Florida,996.26,1,6.904,0.0,-0.8855
88,Tesla (Florida),Tesla,LargeSUV,Florida,985.89,1,6.8935,0.0,-0.935
89,Tesla (Florida),Tesla,LargeSUV,Florida,1005.33,1,6.9131,0.0,-0.9709
90,Tesla (Florida),Tesla,LargeSUV,Florida,1078.29,1,6.9831,0.0,-0.9927
91,Tesla (Florida),Tesla,LargeSUV,Florida,1088.11,1,6.9922,0.0,-1.0
92,Tesla (Florida),Tesla,LargeSUV,Florida,1039.63,1,6.9466,0.0,-0.9927
93,Tesla (Florida),Tesla,LargeSUV,Florida,1083.38,1,6.9878,0.0,-0.9709
94,Tesla (Florida),Tesla,LargeSUV,Florida,1134.45,1,7.0339,0.0,-0.935
95,Tesla (Florida),Tesla,LargeSUV,Florida,1172.2,1,7.0666,0.0,-0.8855
96,Tesla (Florida),Tesla,LargeSUV,Florida,1216.71,1,7.1039,0.0,-0.823
97,Tesla (Florida),Tesla,LargeSUV,Florida,1200.34,1,7.0904,0.0,-0.7485
98,Tesla (Florida),Tesla,LargeSUV,Florida,1145.86,1,7.0439,0.0,-0.6631
99,Tesla (Florida),Tesla,LargeSUV,Florida,1097.18,1,7.0005,0.0,-0.5681
100,Tesla (Florida),Tesla,LargeSUV,Florida,1011.03,1,6.9187,0.0,-0.4647
101,Tesla (Florida),Tesla,LargeSUV,Florida,1023.08,1,6.9306,0.0,-0.3546
102,Tesla (Florida),Tesla,LargeSUV,Florida,1018.82,1,6.9264,0.0,-0.2393
103,Tesla (Florida),Tesla,LargeSUV,Florida,996.66,1,6.9044,0.0,-0.1205
0,Tesla (NewYork),Tesla,LargeSUV,NewYork,468.31,1,6.1491,0.0,0.0
1,Tesla (NewYork),Tesla,LargeSUV,NewYork,495.3,1,6.2052,0.0,0.1205
2,Tesla (NewYork),Tesla,LargeSUV,NewYork,479.11,1,6.1719,0.0,0.2393
3,Tesla (NewYork),Tesla,LargeSUV,NewYork,487.83,1,6.19,0.0,0.3546
4,Tesla (NewYork),Tesla,LargeSUV,NewYork,455.06,1,6.1204,0.0,0.4647
5,Tesla (NewYork),Tesla,LargeSUV,NewYork,489.0,1,6.1924,0.0,0.5681
6,Tesla (NewYork),Tesla,LargeSUV,NewYork,485.49,1,6.1852,0.0,0.6631
7,Tesla (NewYork),Tesla,LargeSUV,NewYork,492.59,1,6.1997,0.0,0.7485
8,Tesla (NewYork),Tesla,LargeSUV,NewYork,553.33,1,6.316,0.0,0.823
9,Tesla (NewYork),Tesla,LargeSUV,NewYork,596.92,1,6.3918,0.0,0.8855
10,Tesla (NewYork),Tesla,LargeSUV,NewYork,587.84,1,6.3765,0.0,0.935
11,Tesla (NewYork),Tesla,LargeSUV,NewYork,570.66,1,6.3468,0.0,0.9709
12,Tesla (NewYork),Tesla,LargeSUV,NewYork,561.44,1,6.3305,0.0,0.9927
13,Tesla (NewYork),Tesla,LargeSUV,NewYork,575.94,1,6.356,0.0,1.0
14,Tesla (NewYork),Tesla,LargeSUV,NewYork,572.92,1,6.3507,0.0,0.9927
15,Tesla (NewYork),Tesla,LargeSUV,NewYork,561.71,1,6.331,0.0,0.9709
16,Tesla (NewYork),Tesla,LargeSUV,NewYork,604.46,1,6.4043,0.0,0.935
17,Tesla (NewYork),Tesla,LargeSUV,NewYork,601.02,1,6.3986,0.0,0.8855
18,Tesla (NewYork),Tesla,LargeSUV,NewYork,674.26,1,6.5136,0.0,0.823
19,Tesla (NewYork),Tesla,LargeSUV,NewYork,677.32,1,6.5181,0.0,0.7485
20,Tesla (NewYork),Tesla,LargeSUV,NewYork,740.57,1,6.6074,0.0,0.6631
21,Tesla (NewYork),Tesla,LargeSUV,NewYork,753.92,1,6.6253,0.0,0.5681
22,Tesla (NewYork),Tesla,LargeSUV,NewYork,791.1,1,6.6734,0.0,0.4647
23,Tesla (NewYork),Tesla,LargeSUV,NewYork,762.95,1,6.6372,0.0,0.3546
24,Tesla (NewYork),Tesla,LargeSUV,NewYork,731.07,1,6.5945,0.0,0.2393
25,Tesla (NewYork),Tesla,LargeSUV,NewYork,748.07,1,6.6175,0.0,0.1205
26,Tesla (NewYork),Tesla,LargeSUV,NewYork,785.97,1,6.6669,0.0,-0.0
27,Tesla (NewYork),Tesla,LargeSUV,NewYork,787.56,1,6.6689,0.0,-0.1205
28,Tesla (NewYork),Tesla,LargeSUV,NewYork,738.5,1,6.6046,0.0,-0.2393
29,Tesla (NewYork),Tesla,LargeSUV,NewYork,689.94,1,6.5366,0.0,-0.3546
30,Tesla (NewYork),Tesla,LargeSUV,NewYork,642.42,1,6.4652,0.0,-0.4647
31,Tesla (NewYork),Tesla,LargeSUV,NewYork,588.08,1,6.3769,0.0,-0.5681
32,Tesla (NewYork),Tesla,LargeSUV,NewYork,591.31,1,6.3823,0.0,-0.6631
33,Tesla (NewYork),Tesla,LargeSUV,NewYork,625.53,1,6.4386,0.0,-0.7485
34,Tesla (NewYork),Tesla,LargeSUV,NewYork,625.11,1,6.4379,0.0,-0.823
35,Tesla (NewYork),Tesla,LargeSUV,NewYork,558.3,1,6.3249,0.0,-0.8855
36,Tesla (NewYork),Tesla,LargeSUV,NewYork,553.0,1,6.3154,0.0,-0.935
37,Tesla (NewYork),Tesla,LargeSUV,NewYork,548.52,1,6.3072,0.0,-0.9709
38,Tesla (NewYork),Tesla,LargeSUV,NewYork,609.12,1,6.412,0.0,-0.9927
39,Tesla (NewYork),Tesla,LargeSUV,NewYork,566.32,1,6.3392,0.0,-1.0
40,Tesla (NewYork),Tesla,LargeSUV,NewYork,555.37,1,6.3196,0.0,-0.9927
41,Tesla (NewYork),Tesla,LargeSUV,NewYork,604.82,1,6.4049,0.0,-0.9709
42,Tesla (NewYork),Tesla,LargeSUV,NewYork,618.58,1,6.4274,0.0,-0.935
43,Tesla (NewYork),Tesla,LargeSUV,NewYork,636.25,1,6.4556,0.0,-0.8855
44,Tesla (NewYork),Tesla,LargeSUV,NewYork,639.9,1,6.4613,0.0,-0.823
45,Tesla (NewYork),Tesla,LargeSUV,NewYork,650.55,1,6.4778,0.0,-0.7485
46,Tesla (NewYork),Tesla,LargeSUV,NewYork,676.34,1,6.5167,0.0,-0.6631
47,Tesla (NewYork),Tesla,LargeSUV,NewYork,649.51,1,6.4762,0.0,-0.5681
48,Tesla (NewYork),Tesla,LargeSUV,NewYork,678.66,1,6.5201,0.0,-0.4647
49,Tesla (NewYork),Tesla,LargeSUV,NewYork,633.64,1,6.4515,0.0,-0.3546
50,Tesla (NewYork),Tesla,LargeSUV,NewYork,644.13,1,6.4679,0.0,-0.2393
51,Tesla (NewYork),Tesla,LargeSUV,NewYork,649.91,1,6.4768,0.0,-0.1205
52,Tesla (NewYork),Tesla,LargeSUV,NewYork,630.19,1,6.446,0.0,0.0
53,Tesla (NewYork),Tesla,LargeSUV,NewYork,629.47,1,6.4449,0.0,0.1205
54,Tesla (NewYork),Tesla,LargeSUV,NewYork,610.18,1,6.4138,0.0,0.2393
55,Tesla (NewYork),Tesla,LargeSUV,NewYork,578.34,1,6.3602,0.0,0.3546
56,Tesla (NewYork),Tesla,LargeSUV,NewYork,568.21,1,6.3425,0.0,0.4647
57,Tesla (NewYork),Tesla,LargeSUV,NewYork,537.69,1,6.2873,0.0,0.5681
58,Tesla (NewYork),Tesla,LargeSUV,NewYork,546.44,1,6.3034,0.0,0.6631
59,Tesla (NewYork),Tesla,LargeSUV,NewYork,515.91,1,6.2459,0.0,0.7485
60,Tesla (NewYork),Tesla,LargeSUV,NewYork,534.6,1,6.2815,0.0,0.823
61,Tesla (NewYork),Tesla,LargeSUV,NewYork,503.94,1,6.2224,0.0,0.8855
62,Tesla (NewYork),Tesla,LargeSUV,NewYork,489.87,1,6.1941,0.0,0.935
63,Tesla (NewYork),Tesla,LargeSUV,NewYork,474.81,1,6.1629,0.0,0.9709
64,Tesla (NewYork),Tesla,LargeSUV,NewYork,507.33,1,6.2292,0.0,0.9927
65,Tesla (NewYork),Tesla,LargeSUV,NewYork,515.78,1,6.2457,0.0,1.0
66,Tesla (NewYork),Tesla,LargeSUV,NewYork,510.35,1,6.2351,0.0,0.9927
67,Tesla (NewYork),Tesla,LargeSUV,NewYork,523.23,1,6.26,0.0,0.9709
68,Tesla (NewYork),Tesla,LargeSUV,NewYork,470.91,1,6.1547,0.0,0.935
69,Tesla (NewYork),Tesla,LargeSUV,NewYork,469.9,1,6.1525,0.0,0.8855
70,Tesla (NewYork),Tesla,LargeSUV,NewYork,519.25,1,6.2524,0.0,0.823
71,Tesla (NewYork),Tesla,LargeSUV,NewYork,522.7,1,6.259,0.0,0.7485
72,Tesla (NewYork),Tesla,LargeSUV,NewYork,524.48,1,6.2624,0.0,0.6631
73,Tesla (NewYork),Tesla,LargeSUV,NewYork,539.05,1,6.2898,0.0,0.5681
74,Tesla (NewYork),Tesla,LargeSUV,NewYork,563.74,1,6.3346,0.0,0.4647
75,Tesla (NewYork),Tesla,LargeSUV,NewYork,510.15,1,6.2347,0.0,0.3546
76,Tesla (NewYork),Tesla,LargeSUV,NewYork,469.0,1,6.1506,0.0,0.2393
77,Tesla (NewYork),Tesla,LargeSUV,NewYork,473.95,1,6.1611,0.0,0.1205
78,Tesla (NewYork),Tesla,LargeSUV,NewYork,457.31,1,6.1254,0.0,0.0
79,Tesla (NewYork),Tesla,LargeSUV,NewYork,488.32,1,6.191,0.0,-0.1205
80,Tesla (NewYork),Tesla,LargeSUV,NewYork,480.68,1,6.1752,0.0,-0.2393
81,Tesla (NewYork),Tesla,LargeSUV,NewYork,436.37,1,6.0785,0.0,-0.3546
82,Tesla (NewYork),Tesla,LargeSUV,NewYork,409.56,1,6.0151,0.0,-0.4647
83,Tesla (NewYork),Tesla,LargeSUV,NewYork,356.95,1,5.8776,0.0,-0.5681
84,Tesla (NewYork),Tesla,LargeSUV,NewYork,352.8,1,5.8659,0.0,-0.6631
85,Tesla (NewYork),Tesla,LargeSUV,NewYork,349.49,1,5.8565,0.0,-0.7485
86,Tesla (NewYork),Tesla,LargeSUV,NewYork,342.15,1,5.8352,0.0,-0.823
87,Tesla (NewYork),Tesla,LargeSUV,NewYork,361.11,1,5.8892,0.0,-0.8855
88,Tesla (NewYork),Tesla,LargeSUV,NewYork,383.42,1,5.9491,0.0,-0.935
89,Tesla (NewYork),Tesla,LargeSUV,NewYork,380.16,1,5.9406,0.0,-0.9709
90,Tesla (NewYork),Tesla,LargeSUV,NewYork,341.68,1,5.8339,0.0,-0.9927
91,Tesla (NewYork),Tesla,LargeSUV,NewYork,352.39,1,5.8647,0.0,-1.0
92,Tesla (NewYork),Tesla,LargeSUV,NewYork,362.31,1,5.8925,0.0,-0.9927
93,Tesla (NewYork),Tesla,LargeSUV,NewYork,367.96,1,5.908,0.0,-0.9709
94,Tesla (NewYork),Tesla,LargeSUV,NewYork,386.46,1,5.957,0.0,-0.935
95,Tesla (NewYork),Tesla,LargeSUV,NewYork,364.6,1,5.8988,0.0,-0.8855
96,Tesla (NewYork),Tesla,LargeSUV,NewYork,403.12,1,5.9992,0.0,-0.823
97,Tesla (NewYork),Tesla,LargeSUV,NewYork,384.24,1,5.9513,0.0,-0.7485
98,Tesla (NewYork),Tesla,LargeSUV,NewYork,398.91,1,5.9887,0.0,-0.6631
99,Tesla (NewYork),Tesla,LargeSUV,NewYork,366.63,1,5.9044,0.0,-0.5681
100,Tesla (NewYork),Tesla,LargeSUV,NewYork,349.97,1,5.8578,0.0,-0.4647
101,Tesla (NewYork),Tesla,LargeSUV,NewYork,377.54,1,5.9337,0.0,-0.3546
102,Tesla (NewYork),Tesla,LargeSUV,NewYork,372.64,1,5.9206,0.0,-0.2393
103,Tesla (NewYork),Tesla,LargeSUV,NewYork,388.63,1,5.9626,0.0,-0.1205
0,Jeep (Florida),Jeep,LargeSUV,Florida,318.82,1,5.7646,0.0,0.0
1,Jeep (Florida),Jeep,LargeSUV,Florida,341.32,1,5.8328,0.0,0.1205
2,Jeep (Florida),Jeep,LargeSUV,Florida,337.31,1,5.821,0.0,0.2393
3,Jeep (Florida),Jeep,LargeSUV,Florida,308.57,1,5.732,0.0,0.3546
4,Jeep (Florida),Jeep,LargeSUV,Florida,296.42,1,5.6918,0.0,0.4647
5,Jeep (Florida),Jeep,LargeSUV,Florida,304.71,1,5.7193,0.0,0.5681
6,Jeep (Florida),Jeep,LargeSUV,Florida,310.79,1,5.7391,0.0,0.6631
7,Jeep (Florida),Jeep,LargeSUV,Florida,287.37,1,5.6608,0.0,0.7485
8,Jeep (Florida),Jeep,LargeSUV,Florida,277.15,1,5.6246,0.0,0.823
9,Jeep (Florida),Jeep,LargeSUV,Florida,269.2,1,5.5955,0.0,0.8855
10,Jeep (Florida),Jeep,LargeSUV,Florida,264.33,1,5.5772,0.0,0.935
11,Jeep (Florida),Jeep,LargeSUV,Florida,246.76,1,5.5084,0.0,0.9709
12,Jeep (Florida),Jeep,LargeSUV,Florida,239.12,1,5.477,0.0,0.9927
13,Jeep (Florida),Jeep,LargeSUV,Florida,230.57,1,5.4406,0.0,1.0
14,Jeep (Florida),Jeep,LargeSUV,Florida,239.64,1,5.4791,0.0,0.9927
15,Jeep (Florida),Jeep,LargeSUV,Florida,249.53,1,5.5196,0.0,0.9709
16,Jeep (Florida),Jeep,LargeSUV,Florida,247.72,1,5.5123,0.0,0.935
17,Jeep (Florida),Jeep,LargeSUV,Florida,242.91,1,5.4927,0.0,0.8855
18,Jeep (Florida),Jeep,LargeSUV,Florida,244.62,1,5.4997,0.0,0.823
19,Jeep (Florida),Jeep,LargeSUV,Florida,234.83,1,5.4589,0.0,0.7485
20,Jeep (Florida),Jeep,LargeSUV,Florida,221.74,1,5.4015,0.0,0.6631
21,Jeep (Florida),Jeep,LargeSUV,Florida,211.56,1,5.3545,0.0,0.5681
22,Jeep (Florida),Jeep,LargeSUV,Florida,204.95,1,5.3228,0.0,0.4647
23,Jeep (Florida),Jeep,LargeSUV,Florida,193.37,1,5.2646,0.0,0.3546
24,Jeep (Florida),Jeep,LargeSUV,Florida,194.94,1,5.2727,0.0,0.2393
25,Jeep (Florida),Jeep,LargeSUV,Florida,202.18,1,5.3092,0.0,0.1205
26,Jeep (Florida),Jeep,LargeSUV,Florida,186.76,1,5.2298,0.0,-0.0
27,Jeep (Florida),Jeep,LargeSUV,Florida,187.0,1,5.2311,0.0,-0.1205
28,Jeep (Florida),Jeep,LargeSUV,Florida,184.95,1,5.2201,0.0,-0.2393
29,Jeep (Florida),Jeep,LargeSUV,Florida,188.14,1,5.2372,0.0,-0.3546
30,Jeep (Florida),Jeep,LargeSUV,Florida,188.01,1,5.2365,0.0,-0.4647
31,Jeep (Florida),Jeep,LargeSUV,Florida,174.83,1,5.1638,0.0,-0.5681
32,Jeep (Florida),Jeep,LargeSUV,Florida,164.14,1,5.1007,0.0,-0.6631
33,Jeep (Florida),Jeep,LargeSUV,Florida,164.38,1,5.1022,0.0,-0.7485
34,Jeep (Florida),Jeep,LargeSUV,Florida,173.06,1,5.1536,0.0,-0.823
35,Jeep (Florida),Jeep,LargeSUV,Florida,154.92,1,5.0429,0.0,-0.8855
36,Jeep (Florida),Jeep,LargeSUV,Florida,157.62,1,5.0602,0.0,-0.935
37,Jeep (Florida),Jeep,LargeSUV,Florida,167.28,1,5.1197,0.0,-0.9709
38,Jeep (Florida),Jeep,LargeSUV,Florida,166.01,1,5.112,0.0,-0.9927
39,Jeep (Florida),Jeep,LargeSUV,Florida,170.64,1,5.1395,0.0,-1.0
40,Jeep (Florida),Jeep,LargeSUV,Florida,164.74,1,5.1044,0.0,-0.9927
41,Jeep (Florida),Jeep,LargeSUV,Florida,163.76,1,5.0984,0.0,-0.9709
42,Jeep (Florida),Jeep,LargeSUV,Florida,151.01,1,5.0174,0.0,-0.935
43,Jeep (Florida),Jeep,LargeSUV,Florida,134.31,1,4.9002,0.0,-0.8855
44,Jeep (Florida),Jeep,LargeSUV,Florida,140.79,1,4.9473,0.0,-0.823
45,Jeep (Florida),Jeep,LargeSUV,Florida,134.03,1,4.898,0.0,-0.7485
46,Jeep (Florida),Jeep,LargeSUV,Florida,131.01,1,4.8753,0.0,-0.6631
47,Jeep (Florida),Jeep,LargeSUV,Florida,122.24,1,4.8059,0.0,-0.5681
48,Jeep (Florida),Jeep,LargeSUV,Florida,113.91,1,4.7354,0.0,-0.4647
49,Jeep (Florida),Jeep,LargeSUV,Florida,112.93,1,4.7268,0.0,-0.3546
50,Jeep (Florida),Jeep,LargeSUV,Florida,108.88,1,4.6903,0.0,-0.2393
51,Jeep (Florida),Jeep,LargeSUV,Florida,110.96,1,4.7092,0.0,-0.1205
52,Jeep (Florida),Jeep,LargeSUV,Florida,113.5,1,4.7318,0.0,0.0
53,Jeep (Florida),Jeep,LargeSUV,Florida,115.34,1,4.7478,0.0,0.1205
54,Jeep (Florida),Jeep,LargeSUV,Florida,116.72,1,4.7598,0.0,0.2393
55,Jeep (Florida),Jeep,LargeSUV,Florida,126.3,1,4.8387,0.0,0.3546
56,Jeep (Florida),Jeep,LargeSUV,Florida,119.74,1,4.7853,0.0,0.4647
57,Jeep (Florida),Jeep,LargeSUV,Florida,119.41,1,4.7825,0.0,0.5681
58,Jeep (Florida),Jeep,LargeSUV,Florida,126.36,1,4.8392,0.0,0.6631
59,Jeep (Florida),Jeep,LargeSUV,Florida,134.61,1,4.9024,0.0,0.7485
60,Jeep (Florida),Jeep,LargeSUV,Florida,125.38,1,4.8313,0.0,0.823
61,Jeep (Florida),Jeep,LargeSUV,Florida,123.43,1,4.8157,0.0,0.8855
62,Jeep (Florida),Jeep,LargeSUV,Florida,132.11,1,4.8836,0.0,0.935
63,Jeep (Florida),Jeep,LargeSUV,Florida,135.5,1,4.909,0.0,0.9709
64,Jeep (Florida),Jeep,LargeSUV,Florida,136.83,1,4.9188,0.0,0.9927
65,Jeep (Florida),Jeep,LargeSUV,Florida,135.35,1,4.9079,0.0,1.0
66,Jeep (Florida),Jeep,LargeSUV,Florida,132.78,1,4.8887,0.0,0.9927
67,Jeep (Florida),Jeep,LargeSUV,Florida,134.71,1,4.9031,0.0,0.9709
68,Jeep (Florida),Jeep,LargeSUV,Florida,133.02,1,4.8905,0.0,0.935
69,Jeep (Florida),Jeep,LargeSUV,Florida,132.74,1,4.8884,0.0,0.8855
70,Jeep (Florida),Jeep,LargeSUV,Florida,133.26,1,4.8923,0.0,0.823
71,Jeep (Florida),Jeep,LargeSUV,Florida,128.82,1,4.8584,0.0,0.7485
72,Jeep (Florida),Jeep,LargeSUV,Florida,132.29,1,4.885,0.0,0.6631
73,Jeep (Florida),Jeep,LargeSUV,Florida,153.04,1,5.0307,0.0,0.5681
74,Jeep (Florida),Jeep,LargeSUV,Florida,140.03,1,4.9419,0.0,0.4647
75,Jeep (Florida),Jeep,LargeSUV,Florida,142.32,1,4.9581,0.0,0.3546
76,Jeep (Florida),Jeep,LargeSUV,Florida,137.01,1,4.92,0.0,0.2393
77,Jeep (Florida),Jeep,LargeSUV,Florida,141.02,1,4.9489,0.0,0.1205
78,Jeep (Florida),Jeep,LargeSUV,Florida,141.35,1,4.9512,0.0,0.0
79,Jeep (Florida),Jeep,LargeSUV,Florida,146.84,1,4.9893,0.0,-0.1205
80,Jeep (Florida),Jeep,LargeSUV,Florida,155.73,1,5.0481,0.0,-0.2393
81,Jeep (Florida),Jeep,LargeSUV,Florida,157.23,1,5.0577,0.0,-0.3546
82,Jeep (Florida),Jeep,LargeSUV,Florida,166.39,1,5.1143,0.0,-0.4647
83,Jeep (Florida),Jeep,LargeSUV,Florida,147.99,1,4.9971,0.0,-0.5681
84,Jeep (Florida),Jeep,LargeSUV,Florida,160.23,1,5.0766,0.0,-0.6631
85,Jeep (Florida),Jeep,LargeSUV,Florida,163.27,1,5.0954,0.0,-0.7485
86,Jeep (Florida),Jeep,LargeSUV,Florida,172.31,1,5.1493,0.0,-0.823
87,Jeep (Florida),Jeep,LargeSUV,Florida,162.11,1,5.0883,0.0,-0.8855
88,Jeep (Florida),Jeep,LargeSUV,Florida,155.52,1,5.0468,0.0,-0.935
89,Jeep (Florida),Jeep,LargeSUV,Florida,156.66,1,5.054,0.0,-0.9709
90,Jeep (Florida),Jeep,LargeSUV,Florida,156.52,1,5.0532,0.0,-0.9927
91,Jeep (Florida),Jeep,LargeSUV,Florida,158.75,1,5.0674,0.0,-1.0
92,Jeep (Florida),Jeep,LargeSUV,Florida,167.6,1,5.1216,0.0,-0.9927
93,Jeep (Florida),Jeep,LargeSUV,Florida,153.44,1,5.0333,0.0,-0.9709
94,Jeep (Florida),Jeep,LargeSUV,Florida,161.1,1,5.082,0.0,-0.935
95,Jeep (Florida),Jeep,LargeSUV,Florida,161.16,1,5.0824,0.0,-0.8855
96,Jeep (Florida),Jeep,LargeSUV,Florida,159.53,1,5.0722,0.0,-0.823
97,Jeep (Florida),Jeep,LargeSUV,Florida,148.22,1,4.9987,0.0,-0.7485
98,Jeep (Florida),Jeep,LargeSUV,Florida,151.99,1,5.0238,0.0,-0.6631
99,Jeep (Florida),Jeep,LargeSUV,Florida,134.71,1,4.9031,0.0,-0.5681
100,Jeep (Florida),Jeep,LargeSUV,Florida,139.15,1,4.9355,0.0,-0.4647
101,Jeep (Florida),Jeep,LargeSUV,Florida,129.15,1,4.8609,0.0,-0.3546
102,Jeep (Florida),Jeep,LargeSUV,Florida,129.49,1,4.8636,0.0,-0.2393
103,Jeep (Florida),Jeep,LargeSUV,Florida,128.72,1,4.8577,0.0,-0.1205
0,Jeep (NewYork),Jeep,LargeSUV,NewYork,371.46,1,5.9174,0.0,0.0
1,Jeep (NewYork),Jeep,LargeSUV,NewYork,358.79,1,5.8827,0.0,0.1205
2,Jeep (NewYork),Jeep,LargeSUV,NewYork,349.82,1,5.8574,0.0,0.2393
3,Jeep (NewYork),Jeep,LargeSUV,NewYork,372.8,1,5.921,0.0,0.3546
4,Jeep (NewYork),Jeep,LargeSUV,NewYork,382.93,1,5.9479,0.0,0.4647
5,Jeep (NewYork),Jeep,LargeSUV,NewYork,375.62,1,5.9286,0.0,0.5681
6,Jeep (NewYork),Jeep,LargeSUV,NewYork,371.21,1,5.9168,0.0,0.6631
7,Jeep (NewYork),Jeep,LargeSUV,NewYork,343.23,1,5.8384,0.0,0.7485
8,Jeep (NewYork),Jeep,LargeSUV,NewYork,349.96,1,5.8578,0.0,0.823
9,Jeep (NewYork),Jeep,LargeSUV,NewYork,320.48,1,5.7698,0.0,0.8855
10,Jeep (NewYork),Jeep,LargeSUV,NewYork,332.76,1,5.8074,0.0,0.935
11,Jeep (NewYork),Jeep,LargeSUV,NewYork,334.91,1,5.8139,0.0,0.9709
12,Jeep (NewYork),Jeep,LargeSUV,NewYork,377.36,1,5.9332,0.0,0.9927
13,Jeep (NewYork),Jeep,LargeSUV,NewYork,357.16,1,5.8782,0.0,1.0
14,Jeep (NewYork),Jeep,LargeSUV,NewYork,355.34,1,5.8731,0.0,0.9927
15,Jeep (NewYork),Jeep,LargeSUV,NewYork,388.77,1,5.963,0.0,0.9709
16,Jeep (NewYork),Jeep,LargeSUV,NewYork,412.63,1,6.0225,0.0,0.935
17,Jeep (NewYork),Jeep,LargeSUV,NewYork,398.51,1,5.9877,0.0,0.8855
18,Jeep (NewYork),Jeep,LargeSUV,NewYork,403.0,1,5.9989,0.0,0.823
19,Jeep (NewYork),Jeep,LargeSUV,NewYork,403.04,1,5.999,0.0,0.7485
20,Jeep (NewYork),Jeep,LargeSUV,NewYork,408.76,1,6.0131,0.0,0.6631
21,Jeep (NewYork),Jeep,LargeSUV,NewYork,394.73,1,5.9782,0.0,0.5681
22,Jeep (NewYork),Jeep,LargeSUV,NewYork,392.97,1,5.9737,0.0,0.4647
23,Jeep (NewYork),Jeep,LargeSUV,NewYork,362.79,1,5.8938,0.0,0.3546
24,Jeep (NewYork),Jeep,LargeSUV,NewYork,365.25,1,5.9006,0.0,0.2393
25,Jeep (NewYork),Jeep,LargeSUV,NewYork,373.56,1,5.9231,0.0,0.1205
26,Jeep (NewYork),Jeep,LargeSUV,NewYork,369.34,1,5.9117,0.0,-0.0
27,Jeep (NewYork),Jeep,LargeSUV,NewYork,340.69,1,5.831,0.0,-0.1205
28,Jeep (NewYork),Jeep,LargeSUV,NewYork,357.95,1,5.8804,0.0,-0.2393
29,Jeep (NewYork),Jeep,LargeSUV,NewYork,364.53,1,5.8986,0.0,-0.3546
30,Jeep (NewYork),Jeep,LargeSUV,NewYork,351.54,1,5.8623,0.0,-0.4647
31,Jeep (NewYork),Jeep,LargeSUV,NewYork,346.64,1,5.8483,0.0,-0.5681
32,Jeep (NewYork),Jeep,LargeSUV,NewYork,321.58,1,5.7733,0.0,-0.6631
33,Jeep (NewYork),Jeep,LargeSUV,NewYork,305.51,1,5.722,0.0,-0.7485
34,Jeep (NewYork),Jeep,LargeSUV,NewYork,297.4,1,5.6951,0.0,-0.823
35,Jeep (NewYork),Jeep,LargeSUV,NewYork,316.24,1,5.7565,0.0,-0.8855
36,Jeep (NewYork),Jeep,LargeSUV,NewYork,306.29,1,5.7245,0.0,-0.935
37,Jeep (NewYork),Jeep,LargeSUV,NewYork,316.25,1,5.7565,0.0,-0.9709
38,Jeep (NewYork),Jeep,LargeSUV,NewYork,307.86,1,5.7296,0.0,-0.9927
39,Jeep (NewYork),Jeep,LargeSUV,NewYork,311.7,1,5.742,0.0,-1.0
40,Jeep (NewYork),Jeep,LargeSUV,NewYork,309.5,1,5.735,0.0,-0.9927
41,Jeep (NewYork),Jeep,LargeSUV,NewYork,323.31,1,5.7786,0.0,-0.9709
42,Jeep (NewYork),Jeep,LargeSUV,NewYork,314.78,1,5.7519,0.0,-0.935
43,Jeep (NewYork),Jeep,LargeSUV,NewYork,290.98,1,5.6732,0.0,-0.8855
44,Jeep (NewYork),Jeep,LargeSUV,NewYork,271.55,1,5.6041,0.0,-0.823
45,Jeep (NewYork),Jeep,LargeSUV,NewYork,264.42,1,5.5776,0.0,-0.7485
46,Jeep (NewYork),Jeep,LargeSUV,NewYork,248.41,1,5.5151,0.0,-0.6631
47,Jeep (NewYork),Jeep,LargeSUV,NewYork,253.56,1,5.5356,0.0,-0.5681
48,Jeep (NewYork),Jeep,LargeSUV,NewYork,247.73,1,5.5123,0.0,-0.4647
49,Jeep (NewYork),Jeep,LargeSUV,NewYork,278.96,1,5.6311,0.0,-0.3546
50,Jeep (NewYork),Jeep,LargeSUV,NewYork,255.74,1,5.5442,0.0,-0.2393
51,Jeep (NewYork),Jeep,LargeSUV,NewYork,258.36,1,5.5543,0.0,-0.1205
52,Jeep (NewYork),Jeep,LargeSUV,NewYork,244.19,1,5.498,0.0,0.0
53,Jeep (NewYork),Jeep,LargeSUV,NewYork,238.24,1,5.4733,0.0,0.1205
54,Jeep (NewYork),Jeep,LargeSUV,NewYork,239.93,1,5.4804,0.0,0.2393
55,Jeep (NewYork),Jeep,LargeSUV,NewYork,213.6,1,5.3641,0.0,0.3546
56,Jeep (NewYork),Jeep,LargeSUV,NewYork,216.14,1,5.3759,0.0,0.4647
57,Jeep (NewYork),Jeep,LargeSUV,NewYork,237.71,1,5.4711,0.0,0.5681
58,Jeep (NewYork),Jeep,LargeSUV,NewYork,232.39,1,5.4484,0.0,0.6631
59,Jeep (NewYork),Jeep,LargeSUV,NewYork,235.42,1,5.4614,0.0,0.7485
60,Jeep (NewYork),Jeep,LargeSUV,NewYork,247.8,1,5.5126,0.0,0.823
61,Jeep (NewYork),Jeep,LargeSUV,NewYork,245.78,1,5.5044,0.0,0.8855
62,Jeep (NewYork),Jeep,LargeSUV,NewYork,238.74,1,5.4754,0.0,0.935
63,Jeep (NewYork),Jeep,LargeSUV,NewYork,213.07,1,5.3616,0.0,0.9709
64,Jeep (NewYork),Jeep,LargeSUV,NewYork,220.01,1,5.3937,0.0,0.9927
65,Jeep (NewYork),Jeep,LargeSUV,NewYork,218.76,1,5.388,0.0,1.0
66,Jeep (NewYork),Jeep,LargeSUV,NewYork,207.96,1,5.3374,0.0,0.9927
67,Jeep (NewYork),Jeep,LargeSUV,NewYork,209.28,1,5.3437,0.0,0.9709
68,Jeep (NewYork),Jeep,LargeSUV,NewYork,203.26,1,5.3145,0.0,0.935
69,Jeep (NewYork),Jeep,LargeSUV,NewYork,197.96,1,5.2881,0.0,0.8855
70,Jeep (NewYork),Jeep,LargeSUV,NewYork,204.06,1,5.3184,0.0,0.823
71,Jeep (NewYork),Jeep,LargeSUV,NewYork,190.85,1,5.2515,0.0,0.7485
72,Jeep (NewYork),Jeep,LargeSUV,NewYork,201.11,1,5.3038,0.0,0.6631
73,Jeep (NewYork),Jeep,LargeSUV,NewYork,187.53,1,5.234,0.0,0.5681
74,Jeep (NewYork),Jeep,LargeSUV,NewYork,181.42,1,5.2008,0.0,0.4647
75,Jeep (NewYork),Jeep,LargeSUV,NewYork,199.73,1,5.297,0.0,0.3546
76,Jeep (NewYork),Jeep,LargeSUV,NewYork,211.31,1,5.3533,0.0,0.2393
77,Jeep (NewYork),Jeep,LargeSUV,NewYork,212.35,1,5.3582,0.0,0.1205
78,Jeep (NewYork),Jeep,LargeSUV,NewYork,202.59,1,5.3112,0.0,0.0
79,Jeep (NewYork),Jeep,LargeSUV,NewYork,197.3,1,5.2847,0.0,-0.1205
80,Jeep (NewYork),Jeep,LargeSUV,NewYork,198.03,1,5.2884,0.0,-0.2393
81,Jeep (NewYork),Jeep,LargeSUV,NewYork,198.4,1,5.2903,0.0,-0.3546
82,Jeep (NewYork),Jeep,LargeSUV,NewYork,197.5,1,5.2857,0.0,-0.4647
83,Jeep (NewYork),Jeep,LargeSUV,NewYork,197.19,1,5.2842,0.0,-0.5681
84,Jeep (NewYork),Jeep,LargeSUV,NewYork,195.09,1,5.2735,0.0,-0.6631
85,Jeep (NewYork),Jeep,LargeSUV,NewYork,181.52,1,5.2014,0.0,-0.7485
86,Jeep (NewYork),Jeep,LargeSUV,NewYork,176.89,1,5.1755,0.0,-0.823
87,Jeep (NewYork),Jeep,LargeSUV,NewYork,185.17,1,5.2213,0.0,-0.8855
88,Jeep (NewYork),Jeep,LargeSUV,NewYork,172.92,1,5.1529,0.0,-0.935
89,Jeep (NewYork),Jeep,LargeSUV,NewYork,171.29,1,5.1434,0.0,-0.9709
90,Jeep (NewYork),Jeep,LargeSUV,NewYork,164.41,1,5.1024,0.0,-0.9927
91,Jeep (NewYork),Jeep,LargeSUV,NewYork,165.33,1,5.108,0.0,-1.0
92,Jeep (NewYork),Jeep,LargeSUV,NewYork,162.15,1,5.0885,0.0,-0.9927
93,Jeep (NewYork),Jeep,LargeSUV,NewYork,174.58,1,5.1624,0.0,-0.9709
94,Jeep (NewYork),Jeep,LargeSUV,NewYork,179.06,1,5.1877,0.0,-0.935
95,Jeep (NewYork),Jeep,LargeSUV,NewYork,167.69,1,5.1221,0.0,-0.8855
96,Jeep (NewYork),Jeep,LargeSUV,NewYork,173.42,1,5.1557,0.0,-0.823
97,Jeep (NewYork),Jeep,LargeSUV,NewYork,166.83,1,5.117,0.0,-0.7485
98,Jeep (NewYork),Jeep,LargeSUV,NewYork,162.08,1,5.0881,0.0,-0.6631
99,Jeep (NewYork),Jeep,LargeSUV,NewYork,164.65,1,5.1038,0.0,-0.5681
100,Jeep (NewYork),Jeep,LargeSUV,NewYork,160.65,1,5.0792,0.0,-0.4647
101,Jeep (NewYork),Jeep,LargeSUV,NewYork,167.98,1,5.1239,0.0,-0.3546
102,Jeep (NewYork),Jeep,LargeSUV,NewYork,161.6,1,5.0851,0.0,-0.2393
103,Jeep (NewYork),Jeep,LargeSUV,NewYork,156.68,1,5.0542,0.0,-0.1205
0,Porsche (Florida),Porsche,LargeSUV,Florida,280.46,1,5.6364,0.0,0.0
1,Porsche (Florida),Porsche,LargeSUV,Florida,296.31,1,5.6914,0.0,0.1205
2,Porsche (Florida),Porsche,LargeSUV,Florida,305.77,1,5.7228,0.0,0.2393
3,Porsche (Florida),Porsche,LargeSUV,Florida,333.06,1,5.8083,0.0,0.3546
4,Porsche (Florida),Porsche,LargeSUV,Florida,373.05,1,5.9217,0.0,0.4647
5,Porsche (Florida),Porsche,LargeSUV,Florida,354.31,1,5.8702,0.0,0.5681
6,Porsche (Florida),Porsche,LargeSUV,Florida,355.56,1,5.8737,0.0,0.6631
7,Porsche (Florida),Porsche,LargeSUV,Florida,335.25,1,5.8149,0.0,0.7485
8,Porsche (Florida),Porsche,LargeSUV,Florida,322.47,1,5.776,0.0,0.823
9,Porsche (Florida),Porsche,LargeSUV,Florida,312.47,1,5.7445,0.0,0.8855
10,Porsche (Florida),Porsche,LargeSUV,Florida,296.38,1,5.6916,0.0,0.935
11,Porsche (Florida),Porsche,LargeSUV,Florida,281.2,1,5.6391,0.0,0.9709
12,Porsche (Florida),Porsche,LargeSUV,Florida,279.17,1,5.6318,0.0,0.9927
13,Porsche (Florida),Porsche,LargeSUV,Florida,262.7,1,5.571,0.0,1.0
14,Porsche (Florida),Porsche,LargeSUV,Florida,273.99,1,5.6131,0.0,0.9927
15,Porsche (Florida),Porsche,LargeSUV,Florida,261.71,1,5.5672,0.0,0.9709
16,Porsche (Florida),Porsche,LargeSUV,Florida,301.18,1,5.7077,0.0,0.935
17,Porsche (Florida),Porsche,LargeSUV,Florida,294.46,1,5.6851,0.0,0.8855
18,Porsche (Florida),Porsche,LargeSUV,Florida,295.52,1,5.6887,0.0,0.823
19,Porsche (Florida),Porsche,LargeSUV,Florida,276.98,1,5.624,0.0,0.7485
20,Porsche (Florida),Porsche,LargeSUV,Florida,301.65,1,5.7093,0.0,0.6631
21,Porsche (Florida),Porsche,LargeSUV,Florida,319.02,1,5.7652,0.0,0.5681
22,Porsche (Florida),Porsche,LargeSUV,Florida,323.79,1,5.7801,0.0,0.4647
23,Porsche (Florida),Porsche,LargeSUV,Florida,302.7,1,5.7127,0.0,0.3546
24,Porsche (Florida),Porsche,LargeSUV,Florida,305.91,1,5.7233,0.0,0.2393
25,Porsche (Florida),Porsche,LargeSUV,Florida,289.23,1,5.6672,0.0,0.1205
26,Porsche (Florida),Porsche,LargeSUV,Florida,311.17,1,5.7403,0.0,-0.0
27,Porsche (Florida),Porsche,LargeSUV,Florida,324.01,1,5.7808,0.0,-0.1205
28,Porsche (Florida),Porsche,LargeSUV,Florida,325.56,1,5.7856,0.0,-0.2393
29,Porsche (Florida),Porsche,LargeSUV,Florida,288.22,1,5.6637,0.0,-0.3546
30,Porsche (Florida),Porsche,LargeSUV,Florida,274.4,1,5.6146,0.0,-0.4647
31,Porsche (Florida),Porsche,LargeSUV,Florida,284.0,1,5.649,0.0,-0.5681
32,Porsche (Florida),Porsche,LargeSUV,Florida,301.75,1,5.7096,0.0,-0.6631
33,Porsche (Florida),Porsche,LargeSUV,Florida,318.96,1,5.7651,0.0,-0.7485
34,Porsche (Florida),Porsche,LargeSUV,Florida,294.55,1,5.6855,0.0,-0.823
35,Porsche (Florida),Porsche,LargeSUV,Florida,299.03,1,5.7005,0.0,-0.8855
36,Porsche (Florida),Porsche,LargeSUV,Florida,314.6,1,5.7513,0.0,-0.935
37,Porsche (Florida),Porsche,LargeSUV,Florida,289.57,1,5.6684,0.0,-0.9709
38,Porsche (Florida),Porsche,LargeSUV,Florida,289.46,1,5.668,0.0,-0.9927
39,Porsche (Florida),Porsche,LargeSUV,Florida,293.45,1,5.6817,0.0,-1.0
40,Porsche (Florida),Porsche,LargeSUV,Florida,289.07,1,5.6667,0.0,-0.9927
41,Porsche (Florida),Porsche,LargeSUV,Florida,263.5,1,5.574,0.0,-0.9709
42,Porsche (Florida),Porsche,LargeSUV,Florida,259.24,1,5.5578,0.0,-0.935
43,Porsche (Florida),Porsche,LargeSUV,Florida,255.03,1,5.5414,0.0,-0.8855
44,Porsche (Florida),Porsche,LargeSUV,Florida,253.15,1,5.534,0.0,-0.823
45,Porsche (Florida),Porsche,LargeSUV,Florida,246.12,1,5.5058,0.0,-0.7485
46,Porsche (Florida),Porsche,LargeSUV,Florida,240.73,1,5.4837,0.0,-0.6631
47,Porsche (Florida),Porsche,LargeSUV,Florida,240.25,1,5.4817,0.0,-0.5681
48,Porsche (Florida),Porsche,LargeSUV,Florida,245.62,1,5.5038,0.0,-0.4647
49,Porsche (Florida),Porsche,LargeSUV,Florida,241.91,1,5.4886,0.0,-0.3546
50,Porsche (Florida),Porsche,LargeSUV,Florida,237.01,1,5.4681,0.0,-0.2393
51,Porsche (Florida),Porsche,LargeSUV,Florida,238.11,1,5.4727,0.0,-0.1205
52,Porsche (Florida),Porsche,LargeSUV,Florida,216.3,1,5.3767,0.0,0.0
53,Porsche (Florida),Porsche,LargeSUV,Florida,221.52,1,5.4005,0.0,0.1205
54,Porsche (Florida),Porsche,LargeSUV,Florida,221.52,1,5.4005,0.0,0.2393
55,Porsche (Florida),Porsche,LargeSUV,Florida,221.96,1,5.4025,0.0,0.3546
56,Porsche (Florida),Porsche,LargeSUV,Florida,232.88,1,5.4505,0.0,0.4647
57,Porsche (Florida),Porsche,LargeSUV,Florida,211.22,1,5.3529,0.0,0.5681
58,Porsche (Florida),Porsche,LargeSUV,Florida,191.37,1,5.2542,0.0,0.6631
59,Porsche (Florida),Porsche,LargeSUV,Florida,194.0,1,5.2679,0.0,0.7485
60,Porsche (Florida),Porsche,LargeSUV,Florida,193.93,1,5.2675,0.0,0.823
61,Porsche (Florida),Porsche,LargeSUV,Florida,195.59,1,5.276,0.0,0.8855
62,Porsche (Florida),Porsche,LargeSUV,Florida,191.12,1,5.2529,0.0,0.935
63,Porsche (Florida),Porsche,LargeSUV,Florida,197.58,1,5.2861,0.0,0.9709
64,Porsche (Florida),Porsche,LargeSUV,Florida,207.01,1,5.3328,0.0,0.9927
65,Porsche (Florida),Porsche,LargeSUV,Florida,212.08,1,5.357,0.0,1.0
66,Porsche (Florida),Porsche,LargeSUV,Florida,209.33,1,5.3439,0.0,0.9927
67,Porsche (Florida),Porsche,LargeSUV,Florida,188.4,1,5.2385,0.0,0.9709
68,Porsche (Florida),Porsche,LargeSUV,Florida,195.78,1,5.277,0.0,0.935
69,Porsche (Florida),Porsche,LargeSUV,Florida,208.12,1,5.3381,0.0,0.8855
70,Porsche (Florida),Porsche,LargeSUV,Florida,214.93,1,5.3703,0.0,0.823
71,Porsche (Florida),Porsche,LargeSUV,Florida,205.68,1,5.3263,0.0,0.7485
72,Porsche (Florida),Porsche,LargeSUV,Florida,212.73,1,5.36,0.0,0.6631
73,Porsche (Florida),Porsche,LargeSUV,Florida,222.08,1,5.4031,0.0,0.5681
74,Porsche (Florida),Porsche,LargeSUV,Florida,240.09,1,5.481,0.0,0.4647
75,Porsche (Florida),Porsche,LargeSUV,Florida,229.8,1,5.4372,0.0,0.3546
76,Porsche (Florida),Porsche,LargeSUV,Florida,227.21,1,5.4259,0.0,0.2393
77,Porsche (Florida),Porsche,LargeSUV,Florida,235.86,1,5.4632,0.0,0.1205
78,Porsche (Florida),Porsche,LargeSUV,Florida,236.54,1,5.4661,0.0,0.0
79,Porsche (Florida),Porsche,LargeSUV,Florida,223.68,1,5.4102,0.0,-0.1205
80,Porsche (Florida),Porsche,LargeSUV,Florida,228.37,1,5.431,0.0,-0.2393
81,Porsche (Florida),Porsche,LargeSUV,Florida,235.07,1,5.4599,0.0,-0.3546
82,Porsche (Florida),Porsche,LargeSUV,Florida,236.11,1,5.4643,0.0,-0.4647
83,Porsche (Florida),Porsche,LargeSUV,Florida,238.72,1,5.4753,0.0,-0.5681
84,Porsche (Florida),Porsche,LargeSUV,Florida,235.65,1,5.4623,0.0,-0.6631
85,Porsche (Florida),Porsche,LargeSUV,Florida,253.73,1,5.5363,0.0,-0.7485
86,Porsche (Florida),Porsche,LargeSUV,Florida,242.55,1,5.4912,0.0,-0.823
87,Porsche (Florida),Porsche,LargeSUV,Florida,235.53,1,5.4619,0.0,-0.8855
88,Porsche (Florida),Porsche,LargeSUV,Florida,235.66,1,5.4624,0.0,-0.935
89,Porsche (Florida),Porsche,LargeSUV,Florida,246.25,1,5.5064,0.0,-0.9709
90,Porsche (Florida),Porsche,LargeSUV,Florida,228.49,1,5.4315,0.0,-0.9927
91,Porsche (Florida),Porsche,LargeSUV,Florida,214.0,1,5.366,0.0,-1.0
92,Porsche (Florida),Porsche,LargeSUV,Florida,193.27,1,5.2641,0.0,-0.9927
93,Porsche (Florida),Porsche,LargeSUV,Florida,193.59,1,5.2657,0.0,-0.9709
94,Porsche (Florida),Porsche,LargeSUV,Florida,183.06,1,5.2098,0.0,-0.935
95,Porsche (Florida),Porsche,LargeSUV,Florida,179.57,1,5.1906,0.0,-0.8855
96,Porsche (Florida),Porsche,LargeSUV,Florida,185.61,1,5.2236,0.0,-0.823
97,Porsche (Florida),Porsche,LargeSUV,Florida,179.75,1,5.1916,0.0,-0.7485
98,Porsche (Florida),Porsche,LargeSUV,Florida,181.84,1,5.2031,0.0,-0.6631
99,Porsche (Florida),Porsche,LargeSUV,Florida,179.14,1,5.1882,0.0,-0.5681
100,Porsche (Florida),Porsche,LargeSUV,Florida,185.26,1,5.2218,0.0,-0.4647
101,Porsche (Florida),Porsche,LargeSUV,Florida,189.72,1,5.2455,0.0,-0.3546
102,Porsche (Florida),Porsche,LargeSUV,Florida,183.26,1,5.2109,0.0,-0.2393
103,Porsche (Florida),Porsche,LargeSUV,Florida,181.73,1,5.2025,0.0,-0.1205
0,Porsche (NewYork),Porsche,LargeSUV,NewYork,463.67,1,6.1392,0.0,0.0
1,Porsche (NewYork),Porsche,LargeSUV,NewYork,432.39,1,6.0693,0.0,0.1205
2,Porsche (NewYork),Porsche,LargeSUV,NewYork,446.8,1,6.1021,0.0,0.2393
3,Porsche (NewYork),Porsche,LargeSUV,NewYork,423.21,1,6.0479,0.0,0.3546
4,Porsche (NewYork),Porsche,LargeSUV,NewYork,454.18,1,6.1185,0.0,0.4647
5,Porsche (NewYork),Porsche,LargeSUV,NewYork,478.04,1,6.1697,0.0,0.5681
6,Porsche (NewYork),Porsche,LargeSUV,NewYork,485.02,1,6.1842,0.0,0.6631
7,Porsche (NewYork),Porsche,LargeSUV,NewYork,488.85,1,6.1921,0.0,0.7485
8,Porsche (NewYork),Porsche,LargeSUV,NewYork,483.77,1,6.1816,0.0,0.823
9,Porsche (NewYork),Porsche,LargeSUV,NewYork,500.46,1,6.2155,0.0,0.8855
10,Porsche (NewYork),Porsche,LargeSUV,NewYork,491.27,1,6.197,0.0,0.935
11,Porsche (NewYork),Porsche,LargeSUV,NewYork,497.09,1,6.2088,0.0,0.9709
12,Porsche (NewYork),Porsche,LargeSUV,NewYork,519.24,1,6.2524,0.0,0.9927
13,Porsche (NewYork),Porsche,LargeSUV,NewYork,504.86,1,6.2243,0.0,1.0
14,Porsche (NewYork),Porsche,LargeSUV,NewYork,489.54,1,6.1935,0.0,0.9927
15,Porsche (NewYork),Porsche,LargeSUV,NewYork,461.16,1,6.1338,0.0,0.9709
16,Porsche (NewYork),Porsche,LargeSUV,NewYork,437.26,1,6.0805,0.0,0.935
17,Porsche (NewYork),Porsche,LargeSUV,NewYork,399.06,1,5.9891,0.0,0.8855
18,Porsche (NewYork),Porsche,LargeSUV,NewYork,413.89,1,6.0256,0.0,0.823
19,Porsche (NewYork),Porsche,LargeSUV,NewYork,453.07,1,6.116,0.0,0.7485
20,Porsche (NewYork),Porsche,LargeSUV,NewYork,486.54,1,6.1873,0.0,0.6631
21,Porsche (NewYork),Porsche,LargeSUV,NewYork,448.54,1,6.106,0.0,0.5681
22,Porsche (NewYork),Porsche,LargeSUV,NewYork,465.1,1,6.1422,0.0,0.4647
23,Porsche (NewYork),Porsche,LargeSUV,NewYork,499.37,1,6.2134,0.0,0.3546
24,Porsche (NewYork),Porsche,LargeSUV,NewYork,488.1,1,6.1905,0.0,0.2393
25,Porsche (NewYork),Porsche,LargeSUV,NewYork,490.58,1,6.1956,0.0,0.1205
26,Porsche (NewYork),Porsche,LargeSUV,NewYork,443.72,1,6.0952,0.0,-0.0
27,Porsche (NewYork),Porsche,LargeSUV,NewYork,449.68,1,6.1085,0.0,-0.1205
28,Porsche (NewYork),Porsche,LargeSUV,NewYork,426.39,1,6.0554,0.0,-0.2393
29,Porsche (NewYork),Porsche,LargeSUV,NewYork,430.67,1,6.0653,0.0,-0.3546
30,Porsche (NewYork),Porsche,LargeSUV,NewYork,398.33,1,5.9873,0.0,-0.4647
31,Porsche (NewYork),Porsche,LargeSUV,NewYork,409.29,1,6.0144,0.0,-0.5681
32,Porsche (NewYork),Porsche,LargeSUV,NewYork,430.8,1,6.0656,0.0,-0.6631
33,Porsche (NewYork),Porsche,LargeSUV,NewYork,414.26,1,6.0265,0.0,-0.7485
34,Porsche (NewYork),Porsche,LargeSUV,NewYork,391.36,1,5.9696,0.0,-0.823
35,Porsche (NewYork),Porsche,LargeSUV,NewYork,351.37,1,5.8618,0.0,-0.8855
36,Porsche (NewYork),Porsche,LargeSUV,NewYork,346.72,1,5.8485,0.0,-0.935
37,Porsche (NewYork),Porsche,LargeSUV,NewYork,336.78,1,5.8194,0.0,-0.9709
38,Porsche (NewYork),Porsche,LargeSUV,NewYork,311.65,1,5.7419,0.0,-0.9927
39,Porsche (NewYork),Porsche,LargeSUV,NewYork,318.79,1,5.7645,0.0,-1.0
40,Porsche (NewYork),Porsche,LargeSUV,NewYork,311.7,1,5.742,0.0,-0.9927
41,Porsche (NewYork),Porsche,LargeSUV,NewYork,295.38,1,5.6882,0.0,-0.9709
42,Porsche (NewYork),Porsche,LargeSUV,NewYork,287.3,1,5.6605,0.0,-0.935
43,Porsche (NewYork),Porsche,LargeSUV,NewYork,303.11,1,5.7141,0.0,-0.8855
44,Porsche (NewYork),Porsche,LargeSUV,NewYork,312.38,1,5.7442,0.0,-0.823
45,Porsche (NewYork),Porsche,LargeSUV,NewYork,310.36,1,5.7377,0.0,-0.7485
46,Porsche (NewYork),Porsche,LargeSUV,NewYork,320.12,1,5.7687,0.0,-0.6631
47,Porsche (NewYork),Porsche,LargeSUV,NewYork,302.06,1,5.7106,0.0,-0.5681
48,Porsche (NewYork),Porsche,LargeSUV,NewYork,302.55,1,5.7123,0.0,-0.4647
49,Porsche (NewYork),Porsche,LargeSUV,NewYork,304.79,1,5.7196,0.0,-0.3546
50,Porsche (NewYork),Porsche,LargeSUV,NewYork,297.71,1,5.6961,0.0,-0.2393
51,Porsche (NewYork),Porsche,LargeSUV,NewYork,304.27,1,5.7179,0.0,-0.1205
52,Porsche (NewYork),Porsche,LargeSUV,NewYork,292.62,1,5.6789,0.0,0.0
53,Porsche (NewYork),Porsche,LargeSUV,NewYork,300.18,1,5.7044,0.0,0.1205
54,Porsche (NewYork),Porsche,LargeSUV,NewYork,308.58,1,5.732,0.0,0.2393
55,Porsche (NewYork),Porsche,LargeSUV,NewYork,266.7,1,5.5861,0.0,0.3546
56,Porsche (NewYork),Porsche,LargeSUV,NewYork,283.05,1,5.6456,0.0,0.4647
57,Porsche (NewYork),Porsche,LargeSUV,NewYork,243.04,1,5.4932,0.0,0.5681
58,Porsche (NewYork),Porsche,LargeSUV,NewYork,235.67,1,5.4624,0.0,0.6631
59,Porsche (NewYork),Porsche,LargeSUV,NewYork,248.07,1,5.5137,0.0,0.7485
60,Porsche (NewYork),Porsche,LargeSUV,NewYork,244.17,1,5.4978,0.0,0.823
61,Porsche (NewYork),Porsche,LargeSUV,NewYork,226.91,1,5.4245,0.0,0.8855
62,Porsche (NewYork),Porsche,LargeSUV,NewYork,214.83,1,5.3698,0.0,0.935
63,Porsche (NewYork),Porsche,LargeSUV,NewYork,226.15,1,5.4212,0.0,0.9709
64,Porsche (NewYork),Porsche,LargeSUV,NewYork,205.43,1,5.3251,0.0,0.9927
65,Porsche (NewYork),Porsche,LargeSUV,NewYork,217.36,1,5.3816,0.0,1.0
66,Porsche (NewYork),Porsche,LargeSUV,NewYork,216.76,1,5.3788,0.0,0.9927
67,Porsche (NewYork),Porsche,LargeSUV,NewYork,204.22,1,5.3192,0.0,0.9709
68,Porsche (NewYork),Porsche,LargeSUV,NewYork,198.35,1,5.29,0.0,0.935
69,Porsche (NewYork),Porsche,LargeSUV,NewYork,188.51,1,5.2392,0.0,0.8855
70,Porsche (NewYork),Porsche,LargeSUV,NewYork,196.86,1,5.2825,0.0,0.823
71,Porsche (NewYork),Porsche,LargeSUV,NewYork,204.2,1,5.3191,0.0,0.7485
72,Porsche (NewYork),Porsche,LargeSUV,NewYork,187.38,1,5.2332,0.0,0.6631
73,Porsche (NewYork),Porsche,LargeSUV,NewYork,183.64,1,5.213,0.0,0.5681
74,Porsche (NewYork),Porsche,LargeSUV,NewYork,175.88,1,5.1698,0.0,0.4647
75,Porsche (NewYork),Porsche,LargeSUV,NewYork,187.63,1,5.2345,0.0,0.3546
76,Porsche (NewYork),Porsche,LargeSUV,NewYork,175.38,1,5.167,0.0,0.2393
77,Porsche (NewYork),Porsche,LargeSUV,NewYork,190.03,1,5.2472,0.0,0.1205
78,Porsche (NewYork),Porsche,LargeSUV,NewYork,189.72,1,5.2455,0.0,0.0
79,Porsche (NewYork),Porsche,LargeSUV,NewYork,179.01,1,5.1874,0.0,-0.1205
80,Porsche (NewYork),Porsche,LargeSUV,NewYork,173.05,1,5.1536,0.0,-0.2393
81,Porsche (NewYork),Porsche,LargeSUV,NewYork,166.25,1,5.1135,0.0,-0.3546
82,Porsche (NewYork),Porsche,LargeSUV,NewYork,155.98,1,5.0498,0.0,-0.4647
83,Porsche (NewYork),Porsche,LargeSUV,NewYork,156.73,1,5.0545,0.0,-0.5681
84,Porsche (NewYork),Porsche,LargeSUV,NewYork,147.39,1,4.9931,0.0,-0.6631
85,Porsche (NewYork),Porsche,LargeSUV,NewYork,132.17,1,4.8841,0.0,-0.7485
86,Porsche (NewYork),Porsche,LargeSUV,NewYork,129.68,1,4.8651,0.0,-0.823
87,Porsche (NewYork),Porsche,LargeSUV,NewYork,118.51,1,4.775,0.0,-0.8855
88,Porsche (NewYork),Porsche,LargeSUV,NewYork,114.13,1,4.7374,0.0,-0.935
89,Porsche (NewYork),Porsche,LargeSUV,NewYork,109.06,1,4.6919,0.0,-0.9709
90,Porsche (NewYork),Porsche,LargeSUV,NewYork,104.41,1,4.6483,0.0,-0.9927
91,Porsche (NewYork),Porsche,LargeSUV,NewYork,115.4,1,4.7484,0.0,-1.0
92,Porsche (NewYork),Porsche,LargeSUV,NewYork,115.72,1,4.7512,0.0,-0.9927
93,Porsche (NewYork),Porsche,LargeSUV,NewYork,117.15,1,4.7635,0.0,-0.9709
94,Porsche (NewYork),Porsche,LargeSUV,NewYork,107.2,1,4.6747,0.0,-0.935
95,Porsche (NewYork),Porsche,LargeSUV,NewYork,103.75,1,4.642,0.0,-0.8855
96,Porsche (NewYork),Porsche,LargeSUV,NewYork,104.87,1,4.6527,0.0,-0.823
97,Porsche (NewYork),Porsche,LargeSUV,NewYork,99.63,1,4.6015,0.0,-0.7485
98,Porsche (NewYork),Porsche,LargeSUV,NewYork,104.26,1,4.6469,0.0,-0.6631
99,Porsche (NewYork),Porsche,LargeSUV,NewYork,98.18,1,4.5868,0.0,-0.5681
100,Porsche (NewYork),Porsche,LargeSUV,NewYork,96.78,1,4.5724,0.0,-0.4647
101,Porsche (NewYork),Porsche,LargeSUV,NewYork,93.99,1,4.5431,0.0,-0.3546
102,Porsche (NewYork),Porsche,LargeSUV,NewYork,94.76,1,4.5514,0.0,-0.2393
103,Porsche (NewYork),Porsche,LargeSUV,NewYork,91.77,1,4.5193,0.0,-0.1205
